,Date,New Zealand,Australia,South Africa,France,England,Ireland,Wales,Scotland,Italy,Samoa,Fiji,Tonga,Argentina,United States,Canada,Romania,Georgia,Japan,Uruguay,Portugal,Namibia,Russia,Spain,Poland,Chile,Hong Kong,Brazil,Belgium,Netherlands,Switzerland
0,2003-10-06,2,4,6,5,1,3,10,9,13,8,11,12,7,14,16,15,17,18,19,20,25,23,30,32,24,28,35,53,40,38
1,2003-10-13,2,3,6,5,1,4,8,10,13,9,11,12,7,14,16,15,17,18,19,20,25,23,30,32,24,28,34,54,41,40
2,2003-10-20,2,3,6,5,1,4,8,10,12,9,11,15,7,14,16,13,17,18,19,20,25,23,30,32,24,28,34,53,40,39
3,2003-10-27,2,4,6,5,1,3,8,10,12,9,11,14,7,15,16,13,17,18,19,20,25,23,30,33,24,28,34,53,40,37
4,2003-11-03,2,3,6,4,1,5,8,9,11,10,12,17,7,15,13,14,19,20,16,18,25,23,30,33,24,28,34,53,40,37
5,2003-11-10,1,4,5,3,2,6,8,9,11,10,12,17,7,15,13,14,19,20,16,18,25,23,30,33,24,28,34,45,40,37
6,2003-11-17,3,2,5,4,1,6,8,9,11,10,12,17,7,15,13,14,19,20,16,18,25,23,30,33,24,28,34,45,41,37
7,2003-11-24,2,3,5,4,1,6,8,9,11,10,12,17,7,15,13,14,19,20,16,18,25,23,30,33,24,28,34,45,41,37
8,2003-12-01,2,3,5,4,1,6,8,9,11,10,12,17,7,15,13,14,19,20,16,18,25,23,30,33,24,28,34,45,41,37
9,2003-12-08,2,3,5,4,1,6,8,9,11,10,12,17,7,15,13,14,19,20,16,18,25,23,30,33,24,28,34,45,41,37
10,2003-12-15,2,3,5,4,1,6,8,9,11,10,12,17,7,15,13,14,19,20,16,18,25,23,30,33,24,28,34,45,41,37
11,2003-12-22,2,3,5,4,1,6,8,9,11,10,12,17,7,15,13,14,19,20,16,18,25,23,30,33,24,28,34,45,41,37
12,2003-12-29,2,3,5,4,1,6,8,9,11,10,12,17,7,15,13,14,19,20,16,18,25,23,30,33,24,28,34,45,41,37
13,2004-01-05,2,3,5,4,1,6,8,9,11,10,12,17,7,15,13,14,19,20,16,18,25,23,30,33,24,28,34,45,41,37
14,2004-01-12,2,3,5,4,1,6,8,9,11,10,12,17,7,15,13,14,19,20,16,18,25,23,30,33,24,28,34,45,41,37
15,2004-01-19,2,3,5,4,1,6,8,9,11,10,12,17,7,15,13,14,19,20,16,18,25,23,30,33,24,28,34,45,41,37
16,2004-01-26,2,3,5,4,1,6,8,9,11,10,12,17,7,15,13,14,19,20,16,18,25,23,30,33,24,28,34,45,41,37
17,2004-02-02,2,3,5,4,1,6,8,9,11,10,12,17,7,15,13,14,19,20,16,18,25,23,30,33,24,28,34,45,41,37
18,2004-02-09,2,3,5,4,1,6,8,9,11,10,12,17,7,15,13,14,19,20,16,18,25,23,30,33,24,28,34,45,41,37
19,2004-02-16,2,3,5,4,1,6,8,9,11,10,12,18,7,15,13,14,23,19,16,17,25,22,30,33,24,28,34,45,41,37
20,2004-02-23,2,3,5,4,1,6,8,9,11,10,12,17,7,15,13,14,23,19,16,18,25,22,30,33,24,28,34,45,41,37
21,2004-03-01,2,3,5,4,1,6,8,9,11,10,12,17,7,15,13,14,23,20,16,18,26,22,30,33,24,28,34,45,41,37
22,2004-03-08,2,3,6,4,1,5,8,9,11,10,12,18,7,15,13,14,22,20,16,17,26,24,30,33,23,28,34,45,41,37
23,2004-03-15,2,3,6,4,1,5,8,9,11,10,12,18,7,15,13,14,22,20,16,17,26,24,30,33,23,28,34,45,41,37
24,2004-03-22,2,3,6,4,1,5,8,9,11,10,12,18,7,14,13,15,22,20,16,17,26,21,31,33,24,28,34,49,39,37
25,2004-03-29,2,3,6,4,1,5,8,9,11,10,12,18,7,14,13,15,21,20,16,17,26,22,31,33,24,28,35,54,37,34
26,2004-04-05,2,3,6,4,1,5,8,9,11,10,12,18,7,14,13,15,21,20,16,17,26,22,31,33,24,28,35,54,37,34
27,2004-04-12,2,3,6,4,1,5,8,9,11,10,12,18,7,14,13,15,21,20,16,17,26,22,30,33,24,28,36,55,34,35
28,2004-04-19,2,3,6,4,1,5,8,9,11,10,12,18,7,14,13,15,21,20,16,17,26,22,30,33,24,28,36,55,34,35
29,2004-04-26,2,3,6,4,1,5,8,9,11,10,12,18,7,14,13,15,21,20,16,17,26,22,31,36,24,28,35,51,32,34
30,2004-05-03,2,3,6,4,1,5,8,9,11,10,12,18,7,14,13,15,21,20,16,17,26,22,31,36,24,28,35,51,32,34
31,2004-05-10,2,3,6,4,1,5,8,9,11,10,12,18,7,14,13,15,21,19,16,17,26,22,32,36,24,28,35,50,30,34
32,2004-05-17,2,3,6,4,1,5,8,9,11,10,12,18,7,14,13,15,22,19,16,17,26,23,32,36,25,28,35,50,31,34
33,2004-05-24,2,3,6,4,1,5,8,9,11,10,12,18,7,14,13,15,22,19,16,17,26,23,32,37,25,28,35,50,31,34
34,2004-05-31,2,3,6,4,1,5,8,9,11,10,12,19,7,15,13,14,22,18,16,17,26,23,32,37,25,28,35,50,31,34
35,2004-06-07,2,3,6,4,1,5,8,9,10,12,11,19,7,14,13,15,22,18,16,17,26,23,32,37,25,28,35,50,31,34
36,2004-06-14,1,3,5,4,2,6,8,9,11,12,10,19,7,14,13,15,22,18,16,17,26,23,32,37,25,28,35,50,31,34
37,2004-06-21,1,3,5,4,2,6,7,9,11,12,10,19,8,15,13,14,22,18,16,17,26,23,32,37,25,28,35,50,31,34
38,2004-06-28,1,2,5,4,3,6,7,9,11,12,10,19,8,15,13,14,22,18,16,17,26,23,32,37,25,28,35,50,31,34
39,2004-07-05,1,2,5,4,3,6,7,9,11,12,10,19,8,15,13,14,22,18,16,17,26,23,32,37,25,28,35,50,31,34
40,2004-07-12,1,2,5,4,3,6,7,9,11,12,10,19,8,15,13,14,22,18,16,17,26,23,32,37,25,28,35,50,31,34
41,2004-07-19,1,2,5,4,3,6,7,9,11,12,10,19,8,15,13,14,22,18,16,17,26,23,32,37,25,28,35,50,31,34
42,2004-07-26,1,2,5,4,3,6,7,9,11,12,10,19,8,15,13,14,22,18,16,17,26,23,32,37,25,28,35,49,31,34
43,2004-08-02,1,2,5,4,3,6,7,9,11,12,10,19,8,15,13,14,22,18,16,17,26,23,32,37,25,28,35,49,31,34
44,2004-08-09,1,2,5,4,3,6,7,9,11,12,10,19,8,15,13,14,22,18,16,17,26,23,32,37,25,28,35,49,31,34
45,2004-08-16,1,2,5,4,3,6,7,9,11,12,10,19,8,15,13,14,22,18,16,17,26,23,32,37,25,28,35,49,31,34
46,2004-08-23,1,2,5,4,3,6,7,9,11,12,10,19,8,15,13,14,22,18,16,17,26,23,32,37,25,28,35,49,31,34
47,2004-08-30,1,2,5,4,3,6,7,9,11,12,10,19,8,15,13,14,22,18,16,17,26,23,32,37,25,28,35,50,31,34
48,2004-09-06,1,2,5,4,3,6,7,9,11,12,10,19,8,15,13,14,22,18,16,17,26,23,32,37,25,28,35,50,31,34
49,2004-09-13,1,2,5,4,3,6,7,9,11,12,10,19,8,15,13,14,22,18,16,17,26,23,32,37,25,28,35,50,31,34
50,2004-09-20,1,2,5,4,3,6,7,9,11,12,10,19,8,15,13,14,22,18,16,17,26,23,32,37,25,28,35,50,31,34
51,2004-09-27,1,2,5,4,3,6,7,9,11,12,10,19,8,15,13,14,22,18,16,17,26,23,32,37,25,28,35,50,31,34
52,2004-10-04,1,2,5,4,3,6,7,9,11,12,10,19,8,15,13,14,22,18,16,17,26,23,32,35,25,28,34,50,31,37
53,2004-10-11,1,2,5,4,3,6,7,9,11,12,10,19,8,15,13,14,22,18,16,17,26,23,32,35,25,28,34,50,31,37
54,2004-10-18,1,2,5,4,3,6,7,9,11,12,10,19,8,15,13,14,22,18,16,17,26,23,32,35,25,28,36,51,31,38
55,2004-10-25,1,2,5,4,3,6,7,9,11,12,10,19,8,15,13,14,22,18,16,17,26,23,32,35,25,28,36,52,31,38
56,2004-11-01,1,2,5,4,3,6,7,9,11,12,10,19,8,15,13,14,21,18,16,17,26,23,32,34,25,28,36,50,31,39
57,2004-11-08,1,2,5,4,3,6,8,9,11,12,10,19,7,16,14,13,22,17,15,18,26,23,32,34,25,28,36,50,31,39
58,2004-11-15,1,3,5,4,2,6,8,9,11,12,10,19,7,16,14,13,22,17,15,18,24,23,32,34,26,28,36,50,31,39
59,2004-11-22,1,3,5,4,2,6,8,9,11,12,10,19,7,16,14,13,20,18,15,17,23,25,32,34,24,28,35,50,31,39
60,2004-11-29,1,2,4,5,3,6,8,9,11,12,10,19,7,16,14,13,20,18,15,17,23,25,32,34,24,28,35,50,31,39
61,2004-12-06,1,2,4,5,3,6,8,9,11,12,10,19,7,16,14,13,20,18,15,17,23,25,32,34,24,28,35,50,31,39
62,2004-12-13,1,2,4,5,3,6,8,9,11,12,10,19,7,16,14,13,20,18,15,17,23,25,32,34,24,28,35,50,31,39
63,2004-12-20,1,2,4,5,3,6,8,9,11,12,10,19,7,16,14,13,20,18,15,17,23,25,32,34,24,28,35,50,31,39
64,2004-12-27,1,2,4,5,3,6,8,9,11,12,10,19,7,16,14,13,20,18,15,17,23,25,32,34,24,28,35,50,31,39
65,2005-01-03,1,2,4,5,3,6,8,9,11,12,10,19,7,16,14,13,20,18,15,17,23,25,32,34,24,28,35,50,31,39
66,2005-01-10,1,2,4,5,3,6,8,9,11,12,10,19,7,16,14,13,20,18,15,17,23,25,32,34,24,28,35,50,31,39
67,2005-01-17,1,2,4,5,3,6,8,9,11,12,10,19,7,16,14,13,20,18,15,17,23,25,32,34,24,28,35,50,31,39
68,2005-01-24,1,2,4,5,3,6,8,9,11,12,10,19,7,16,14,13,20,18,15,17,23,25,32,34,24,28,35,50,31,39
69,2005-01-31,1,2,4,5,3,6,8,9,11,12,10,19,7,16,14,13,20,18,15,17,23,25,32,34,24,28,35,50,31,39
70,2005-02-07,1,2,3,5,4,6,7,9,11,12,10,19,8,16,14,13,20,18,15,17,23,25,32,34,24,28,35,50,31,39
71,2005-02-14,1,2,3,4,6,5,7,9,11,12,10,19,8,16,14,13,20,18,15,17,23,25,31,34,24,28,35,50,32,39
72,2005-02-21,1,2,3,4,6,5,7,9,11,12,10,19,8,16,14,13,20,18,15,17,23,25,31,34,24,28,35,50,32,39
73,2005-02-28,1,2,3,5,6,4,7,9,12,11,10,19,8,16,14,13,20,18,15,17,23,25,31,34,24,28,35,50,32,39
74,2005-03-07,1,2,3,5,6,4,7,9,12,11,10,19,8,16,14,13,20,18,15,17,23,25,31,34,24,28,35,50,32,39
75,2005-03-14,1,2,3,4,6,5,7,9,12,11,10,20,8,16,13,14,19,18,15,17,23,25,31,34,24,28,35,50,32,39
76,2005-03-21,1,2,3,4,6,7,5,9,12,11,10,20,8,16,13,14,19,18,15,17,23,26,31,34,24,28,35,50,32,41
77,2005-03-28,1,2,3,4,6,7,5,9,12,11,10,20,8,16,13,14,19,18,15,17,23,26,30,34,24,28,35,50,32,41
78,2005-04-04,1,2,3,4,6,7,5,9,12,11,10,20,8,16,13,14,19,18,15,17,23,26,30,34,24,28,35,50,32,41
79,2005-04-11,1,2,3,4,6,7,5,9,12,11,10,20,8,16,13,14,19,18,15,17,23,26,31,34,24,28,35,45,32,41
80,2005-04-18,1,2,3,4,6,7,5,9,12,11,10,20,8,16,13,15,19,18,14,17,23,26,31,33,24,28,35,41,34,42
81,2005-04-25,1,2,3,4,6,7,5,9,12,11,10,20,8,16,13,15,19,18,14,17,23,26,30,33,24,28,35,41,34,42
82,2005-05-02,1,2,3,4,6,7,5,9,12,11,10,20,8,16,13,15,19,18,14,17,23,26,30,33,24,28,35,37,34,41
83,2005-05-09,1,2,3,4,6,7,5,9,12,11,10,20,8,16,13,15,19,18,14,17,23,26,30,33,24,28,35,37,34,41
84,2005-05-16,1,2,3,4,6,7,5,9,12,11,10,20,8,16,13,15,19,18,14,17,22,26,30,33,24,28,35,37,34,41
85,2005-05-23,1,2,3,4,6,7,5,9,12,11,10,20,8,16,13,15,19,18,14,17,23,26,30,32,24,29,34,37,33,41
86,2005-05-30,1,2,3,4,6,7,5,9,12,11,10,20,8,15,13,18,19,17,14,16,23,26,30,32,24,29,34,37,33,41
87,2005-06-06,1,2,3,4,6,7,5,9,12,11,10,20,8,15,13,18,19,17,14,16,23,26,30,32,24,29,34,37,33,41
88,2005-06-13,1,2,3,4,6,7,5,9,12,11,10,20,8,15,13,17,19,18,14,16,23,26,30,32,24,29,34,37,33,40
89,2005-06-20,1,2,3,4,6,7,5,9,11,12,10,20,8,15,13,17,19,18,14,16,23,26,30,32,24,29,34,37,33,40
90,2005-06-27,1,2,3,4,6,7,5,9,11,12,10,20,8,14,13,17,19,18,15,16,23,26,30,32,24,29,34,37,33,41
91,2005-07-04,1,2,3,4,6,7,5,9,11,12,10,20,8,14,13,17,19,18,15,16,23,26,30,32,24,29,34,37,33,41
92,2005-07-11,1,2,3,4,6,7,5,9,10,11,12,20,8,14,13,17,19,18,15,16,23,26,30,32,24,29,34,37,33,41
93,2005-07-18,1,2,3,4,6,7,5,9,10,11,12,20,8,14,13,17,19,18,15,16,23,26,30,32,24,29,34,37,33,41
94,2005-07-25,1,2,3,4,6,7,5,9,10,11,12,20,8,14,13,17,19,18,15,16,23,26,30,32,24,29,34,37,33,41
95,2005-08-01,1,2,3,4,6,7,5,9,11,12,10,20,8,14,13,17,19,18,15,16,23,26,30,32,24,29,34,37,33,41
96,2005-08-08,1,3,2,4,6,7,5,9,11,12,10,20,8,14,13,17,19,18,15,16,23,26,30,32,24,29,34,37,33,41
97,2005-08-15,1,3,2,4,6,7,5,9,11,12,10,20,8,14,13,17,19,18,15,16,23,26,30,32,24,29,34,37,33,41
98,2005-08-22,1,3,2,4,6,7,5,9,11,12,10,20,8,14,13,17,19,18,15,16,23,26,30,32,24,29,34,37,33,41
99,2005-08-29,1,3,2,4,6,7,5,9,11,12,10,20,8,14,13,17,19,18,15,16,23,26,30,32,24,29,34,37,33,41
100,2005-09-05,1,3,2,4,6,7,5,9,11,12,10,20,8,14,13,17,19,18,15,16,23,26,30,32,24,29,34,37,33,41
101,2005-09-12,1,3,2,4,6,7,5,9,11,12,10,20,8,14,13,17,19,18,15,16,23,26,30,32,24,29,34,37,33,41
102,2005-09-19,1,3,2,4,6,7,5,9,11,12,10,20,8,14,13,17,19,18,15,16,23,26,30,32,24,29,34,37,33,40
103,2005-09-26,1,3,2,4,6,7,5,9,11,12,10,20,8,14,13,17,19,18,15,16,23,26,30,32,24,29,34,37,33,40
104,2005-10-03,1,3,2,4,6,7,5,9,11,12,10,20,8,14,13,17,19,18,15,16,23,26,31,32,24,30,35,37,33,40
105,2005-10-10,1,3,2,4,6,7,5,9,11,12,10,20,8,14,13,17,19,18,15,16,23,26,30,32,24,29,35,37,33,40
106,2005-10-17,1,3,2,4,6,7,5,9,11,12,10,20,8,14,13,17,19,18,15,16,24,26,30,32,23,29,36,37,33,40
107,2005-10-24,1,3,2,4,6,7,5,9,11,12,10,20,8,14,13,17,19,18,15,16,24,26,30,32,23,29,36,37,33,40
108,2005-10-31,1,3,2,4,6,7,5,9,11,12,10,20,8,14,13,17,19,18,15,16,24,26,30,32,23,29,37,35,33,40
109,2005-11-07,1,4,2,3,5,7,6,9,11,12,10,20,8,14,13,17,19,18,15,16,25,26,29,32,23,28,37,35,33,40
110,2005-11-14,1,5,2,3,4,7,6,10,11,12,9,20,8,14,13,17,19,18,15,16,25,24,28,32,23,29,37,35,33,41
111,2005-11-21,1,3,2,4,5,7,6,10,12,11,9,20,8,14,13,16,19,18,15,17,25,24,27,32,23,29,37,35,33,40
112,2005-11-28,1,4,2,3,5,7,6,9,11,12,10,20,8,14,13,16,19,18,15,17,25,24,27,32,23,29,37,35,33,47
113,2005-12-05,1,4,2,3,5,7,6,10,12,9,11,20,8,14,13,16,19,18,15,17,25,24,27,32,23,29,37,35,33,45
114,2005-12-12,1,4,2,3,5,7,6,10,12,9,11,20,8,14,13,16,19,18,15,17,25,24,27,32,23,29,37,35,33,45
115,2005-12-19,1,4,2,3,5,7,6,10,12,9,11,20,8,14,13,16,19,18,15,17,25,24,27,32,23,29,37,35,33,45
116,2005-12-26,1,4,2,3,5,7,6,10,12,9,11,20,8,14,13,16,19,18,15,17,25,24,27,32,23,29,37,35,33,45
117,2006-01-02,1,4,2,3,5,7,6,10,12,9,11,20,8,14,13,16,19,18,15,17,25,24,27,32,23,29,37,35,33,45
118,2006-01-09,1,4,2,3,5,7,6,10,12,9,11,20,8,14,13,16,19,18,15,17,25,24,27,32,23,29,37,35,33,45
119,2006-01-16,1,4,2,3,5,7,6,10,12,9,11,20,8,14,13,16,19,18,15,17,25,24,27,32,23,29,37,35,33,45
120,2006-01-23,1,4,2,3,5,7,6,10,12,9,11,20,8,14,13,16,19,18,15,17,25,24,27,32,23,29,37,35,33,45
121,2006-01-30,1,4,2,3,5,7,6,10,12,9,11,20,8,14,13,16,19,18,15,17,25,24,27,32,23,29,37,35,33,45
122,2006-02-06,1,5,2,4,3,7,6,8,12,10,11,20,9,14,13,16,19,18,15,17,25,24,27,32,23,29,37,35,33,45
123,2006-02-13,1,5,2,3,4,7,6,8,12,10,11,20,9,14,13,16,19,18,15,17,25,24,27,32,23,29,37,35,33,45
124,2006-02-20,1,5,2,3,4,7,6,8,12,10,11,20,9,14,13,16,19,18,15,17,25,24,27,32,23,29,37,35,33,45
125,2006-02-27,1,4,2,3,5,6,7,8,12,10,11,20,9,14,13,15,19,17,16,18,25,23,27,32,24,29,37,35,33,45
126,2006-03-06,1,4,2,3,5,6,7,8,12,10,11,20,9,14,13,15,19,17,16,18,25,23,27,32,24,29,37,35,33,45
127,2006-03-13,1,4,2,3,5,6,7,8,11,10,12,20,9,14,13,15,18,17,16,19,25,23,27,32,24,29,37,35,33,45
128,2006-03-20,1,4,2,3,6,5,7,8,12,10,11,20,9,15,14,13,18,17,16,19,25,23,27,32,24,29,37,35,33,45
129,2006-03-27,1,4,2,3,6,5,7,8,12,10,11,20,9,15,14,13,18,17,16,19,25,23,27,32,24,29,37,35,33,45
130,2006-04-03,1,4,2,3,6,5,7,8,12,10,11,20,9,15,14,13,18,17,16,19,25,23,27,32,24,29,37,35,33,45
131,2006-04-10,1,4,2,3,6,5,7,8,12,10,11,20,9,15,14,13,18,17,16,19,25,23,27,37,24,29,36,32,33,45
132,2006-04-17,1,4,2,3,6,5,7,8,12,10,11,20,9,15,14,13,18,17,16,19,25,23,27,36,24,29,35,32,33,45
133,2006-04-24,1,4,2,3,6,5,7,8,12,10,11,20,9,15,14,13,18,17,16,19,25,23,28,36,24,29,35,33,32,52
134,2006-05-01,1,4,2,3,6,5,7,8,12,10,11,20,9,15,14,13,18,17,16,19,25,23,28,36,24,29,35,33,32,52
135,2006-05-08,1,4,2,3,6,5,7,8,12,10,11,20,9,15,14,13,18,17,16,19,25,23,28,37,24,29,35,33,32,49
136,2006-05-15,1,4,2,3,6,5,7,8,12,10,11,20,9,15,14,13,18,16,17,19,25,23,28,37,24,29,35,33,32,49
137,2006-05-22,1,4,2,3,6,5,7,8,12,10,11,20,9,15,14,13,18,16,17,19,25,23,28,37,24,29,35,33,32,48
138,2006-05-29,1,4,2,3,6,5,7,8,12,10,11,20,9,15,14,13,18,16,17,19,25,22,27,37,24,29,35,33,32,48
139,2006-06-05,1,4,2,3,6,5,7,8,12,10,11,17,9,15,14,13,18,19,16,20,25,22,27,37,24,29,35,33,32,48
140,2006-06-12,1,4,2,3,6,5,8,7,11,10,12,17,9,14,13,15,18,19,16,20,25,21,26,39,24,29,34,33,32,49
141,2006-06-19,1,4,2,3,6,5,9,7,11,10,12,17,8,14,13,15,18,20,16,21,25,19,26,39,24,29,34,33,32,49
142,2006-06-26,1,4,3,2,6,5,9,7,12,10,11,17,8,14,13,15,18,20,16,21,25,19,26,39,24,29,34,33,32,49
143,2006-07-03,1,4,3,2,6,5,9,7,12,10,11,17,8,14,13,15,18,20,16,21,27,19,25,38,24,29,35,34,33,49
144,2006-07-10,1,4,3,2,6,5,9,7,12,10,11,17,8,14,13,15,18,20,16,21,27,19,25,38,24,29,35,34,33,49
145,2006-07-17,1,3,4,2,6,5,9,7,12,10,11,17,8,14,13,15,18,20,16,21,27,19,25,38,24,29,35,34,33,49
146,2006-07-24,1,3,4,2,6,5,9,7,12,10,11,17,8,14,13,15,18,20,16,21,27,19,25,38,24,29,35,34,33,49
147,2006-07-31,1,3,4,2,6,5,9,7,12,10,11,17,8,14,13,15,18,20,16,21,27,19,25,38,24,29,35,34,33,49
148,2006-08-07,1,3,4,2,6,5,9,7,12,10,11,17,8,14,13,15,18,20,16,21,27,19,25,38,24,29,35,34,33,49
149,2006-08-14,1,3,4,2,6,5,9,7,12,10,11,17,8,15,13,14,18,20,16,21,27,19,25,37,24,29,35,34,33,48
150,2006-08-21,1,3,4,2,6,5,9,7,12,10,11,17,8,15,13,14,18,20,16,21,27,19,25,37,24,29,35,34,33,48
151,2006-08-28,1,3,4,2,6,5,9,7,12,10,11,17,8,15,13,14,18,20,16,21,26,19,28,37,24,29,35,31,34,48
152,2006-09-04,1,3,4,2,6,5,9,7,12,10,11,17,8,15,13,14,18,20,16,21,26,19,28,37,24,29,35,31,34,48
153,2006-09-11,1,4,3,2,6,5,9,7,12,10,11,17,8,15,13,14,18,20,16,21,29,19,27,37,24,28,35,31,34,48
154,2006-09-18,1,4,3,2,6,5,9,7,12,10,11,17,8,15,13,14,18,20,16,21,28,19,25,37,24,27,35,31,34,48
155,2006-09-25,1,4,3,2,6,5,9,7,12,10,11,17,8,15,13,14,18,20,16,21,28,19,25,37,24,27,35,32,34,48
156,2006-10-02,1,4,3,2,6,5,9,7,12,10,11,16,8,14,13,15,17,20,18,21,28,19,25,37,24,27,35,32,34,48
157,2006-10-09,1,4,3,2,6,5,9,7,12,10,11,16,8,14,13,15,17,20,19,21,27,18,25,37,24,28,35,31,34,48
158,2006-10-16,1,4,3,2,6,5,9,7,12,10,11,16,8,14,13,15,17,20,18,21,27,19,25,37,24,28,35,31,34,48
159,2006-10-23,1,4,3,2,6,5,9,7,12,10,11,16,8,14,13,15,17,20,18,21,27,19,25,37,24,28,33,31,35,48
160,2006-10-30,1,4,3,2,6,5,9,7,12,10,11,16,8,14,13,15,17,19,18,21,26,20,25,36,23,28,33,31,35,48
161,2006-11-06,1,4,3,2,6,5,8,7,12,10,11,16,9,14,13,15,17,19,18,21,26,20,25,36,23,28,33,31,34,48
162,2006-11-13,1,3,4,2,7,5,9,8,12,10,11,16,6,14,13,15,17,19,18,21,23,20,25,37,24,27,33,31,34,48
163,2006-11-20,1,4,5,2,6,3,9,8,12,10,11,16,7,14,13,15,17,19,18,21,23,20,25,36,24,28,34,33,37,48
164,2006-11-27,1,3,4,2,7,5,8,9,12,10,11,16,6,14,13,15,17,18,19,21,23,20,25,36,24,30,35,33,38,48
165,2006-12-04,1,3,4,2,7,5,8,9,12,10,11,16,6,14,13,15,17,18,19,21,23,20,25,36,24,30,35,33,38,48
166,2006-12-11,1,3,4,2,7,5,8,9,12,10,11,16,6,14,13,15,17,18,19,21,23,20,25,36,24,30,35,33,38,48
167,2006-12-18,1,3,4,2,7,5,8,9,12,10,11,16,6,14,13,15,17,18,19,21,23,20,25,36,24,30,35,33,38,48
168,2006-12-25,1,3,4,2,7,5,8,9,12,10,11,16,6,14,13,15,17,18,19,21,23,20,25,36,24,30,35,33,38,48
169,2007-01-01,1,3,4,2,7,5,8,9,12,10,11,16,6,14,13,15,17,18,19,21,23,20,25,36,24,30,35,33,38,48
170,2007-01-08,1,3,4,2,7,5,8,9,12,10,11,16,6,14,13,15,17,18,19,21,23,20,25,36,24,30,35,33,38,48
171,2007-01-15,1,3,4,2,7,5,8,9,12,10,11,16,6,14,13,15,17,18,19,21,23,20,25,36,24,30,35,33,38,48
172,2007-01-22,1,3,4,2,7,5,8,9,12,10,11,16,6,14,13,15,17,18,19,21,23,20,25,36,24,30,35,33,38,48
173,2007-01-29,1,3,4,2,7,5,8,9,12,10,11,16,6,14,13,15,17,18,19,21,23,20,25,36,24,30,35,33,38,48
174,2007-02-05,1,3,5,2,6,4,8,9,12,10,11,17,7,14,13,15,16,18,19,21,23,20,25,36,24,30,35,33,38,48
175,2007-02-12,1,3,4,2,6,5,9,8,12,10,11,16,7,14,13,15,17,18,19,21,23,20,25,36,24,30,35,33,38,48
176,2007-02-19,1,3,4,2,6,5,9,8,12,10,11,16,7,14,13,15,17,18,19,21,23,20,25,36,24,30,35,33,38,48
177,2007-02-26,1,3,4,2,7,5,8,10,9,11,12,16,6,14,13,15,17,18,19,21,23,20,25,36,24,30,35,33,38,48
178,2007-03-05,1,3,4,2,7,5,8,10,9,11,12,16,6,14,13,15,17,18,19,21,23,20,25,36,24,30,35,33,38,48
179,2007-03-12,1,3,4,2,6,5,9,10,8,11,12,16,7,14,13,15,17,18,20,21,23,19,25,36,24,30,35,33,38,48
180,2007-03-19,1,3,5,2,6,4,8,10,9,11,12,16,7,14,13,15,17,18,20,21,23,19,25,36,24,30,35,33,38,48
181,2007-03-26,1,3,5,2,6,4,8,10,9,11,12,16,7,14,13,15,17,18,19,21,23,20,25,36,24,30,35,33,38,48
182,2007-04-02,1,3,5,2,6,4,8,10,9,11,12,16,7,14,13,15,17,18,19,21,23,20,25,37,24,30,35,33,38,53
183,2007-04-09,1,3,5,2,6,4,8,10,9,11,12,16,7,14,13,15,17,18,19,21,23,20,25,37,24,30,35,33,38,53
184,2007-04-16,1,3,5,2,6,4,8,10,9,11,12,16,7,14,13,15,17,18,19,21,23,20,25,37,24,30,35,33,39,53
185,2007-04-23,1,3,5,2,6,4,8,10,9,11,12,16,7,14,13,15,17,18,19,21,22,20,25,37,23,31,33,36,39,53
186,2007-04-30,1,3,5,2,6,4,8,10,9,11,12,16,7,14,13,15,17,18,19,21,22,20,25,37,23,31,33,36,40,53
187,2007-05-07,1,3,5,2,6,4,8,10,9,11,12,16,7,14,13,15,17,18,19,21,23,20,22,31,24,30,35,34,42,53
188,2007-05-14,1,3,5,2,6,4,8,10,9,11,12,16,7,14,13,15,17,18,20,21,23,19,22,31,24,30,35,34,43,53
189,2007-05-21,1,3,5,2,6,4,8,11,9,10,12,16,7,14,13,15,17,18,20,21,23,19,22,31,24,30,34,33,43,53
190,2007-05-28,1,3,4,2,7,5,8,11,9,10,12,16,6,14,13,15,17,18,20,21,23,19,22,31,24,29,34,33,43,53
191,2007-06-04,1,3,4,2,7,5,8,11,9,10,12,18,6,14,13,15,17,16,20,21,23,19,22,31,24,29,34,33,43,53
192,2007-06-11,1,3,4,2,7,5,8,11,9,10,12,18,6,14,13,15,17,16,20,21,24,19,22,31,23,29,34,33,43,53
193,2007-06-18,1,4,2,3,7,5,8,11,9,10,13,15,6,14,12,16,17,18,20,21,24,19,22,31,23,29,34,33,44,52
194,2007-06-25,1,4,3,2,7,5,8,11,9,10,13,15,6,14,12,16,17,18,20,21,25,19,22,31,23,28,34,33,46,52
195,2007-07-02,1,2,4,3,7,5,8,11,9,10,13,15,6,14,12,16,17,18,20,21,25,19,22,31,23,28,34,33,46,52
196,2007-07-09,1,2,4,3,7,5,8,11,9,10,13,15,6,14,12,16,17,18,20,21,25,19,22,31,23,28,33,32,47,51
197,2007-07-16,1,2,4,3,7,5,8,11,9,10,13,15,6,14,12,16,17,18,20,21,25,19,22,31,23,28,33,32,47,51
198,2007-07-23,1,2,4,3,7,5,8,11,9,10,13,15,6,14,12,16,17,18,20,21,25,19,22,31,23,28,33,32,47,51
199,2007-07-30,1,2,4,3,7,5,8,11,9,10,13,15,6,14,12,16,17,18,20,21,25,19,22,31,23,28,33,32,47,51
200,2007-08-06,1,2,4,3,7,5,9,11,8,10,13,15,6,14,12,16,17,18,20,21,25,19,22,31,23,28,33,32,47,51
201,2007-08-13,1,2,4,3,7,6,9,10,8,11,13,15,5,14,12,16,17,18,20,21,25,19,22,31,23,28,33,32,47,51
202,2007-08-20,1,2,4,3,7,5,8,10,9,11,13,15,6,14,12,16,17,18,20,22,25,19,21,31,23,28,33,32,47,51
203,2007-08-27,1,2,4,3,7,5,8,10,9,11,13,15,6,14,12,16,17,18,20,22,24,19,21,31,25,28,33,32,47,51
204,2007-09-03,1,2,4,3,7,5,8,10,9,11,13,15,6,14,12,16,17,18,20,22,24,19,21,31,25,28,33,32,47,51
205,2007-09-10,1,2,3,5,7,6,8,10,9,11,12,15,4,14,13,16,17,18,20,22,24,19,21,31,25,28,33,32,47,51
206,2007-09-17,1,2,3,5,7,6,8,10,9,13,11,12,4,17,14,15,16,18,20,22,24,19,21,31,25,28,33,32,47,51
207,2007-09-24,1,2,3,4,7,6,8,10,9,13,11,12,5,17,14,15,16,18,20,22,24,19,21,31,25,28,33,32,47,51
208,2007-10-01,1,2,3,5,6,7,10,8,11,12,9,13,4,18,15,14,16,17,20,22,25,19,21,31,24,28,33,32,45,51
209,2007-10-08,1,5,3,2,6,7,10,8,11,12,9,13,4,18,15,14,16,17,20,22,25,19,21,31,24,28,33,32,45,51
210,2007-10-15,1,5,2,4,3,7,10,8,11,12,9,13,6,18,15,14,16,17,20,22,25,19,21,31,24,28,33,32,45,51
211,2007-10-22,2,5,1,6,4,7,10,8,11,12,9,13,3,18,15,14,16,17,20,22,25,19,21,31,24,28,33,32,45,51
212,2007-10-29,2,5,1,6,4,7,10,8,11,12,9,13,3,18,15,14,16,17,20,22,25,19,21,36,24,28,32,31,45,51
213,2007-11-05,2,5,1,6,4,7,10,8,11,12,9,13,3,19,14,17,15,18,20,22,25,16,21,36,24,28,31,32,43,55
214,2007-11-12,2,5,1,6,4,7,10,8,11,12,9,13,3,19,14,17,15,18,20,22,25,16,21,37,24,28,33,31,45,54
215,2007-11-19,2,5,1,6,4,7,10,8,11,12,9,13,3,19,14,17,15,18,20,22,25,16,21,37,24,28,33,31,47,55
216,2007-11-26,2,5,1,6,4,7,10,8,11,12,9,13,3,19,14,17,15,18,20,22,25,16,21,37,24,28,33,27,47,52
217,2007-12-03,2,5,1,6,4,7,10,8,11,12,9,13,3,19,14,15,16,18,20,22,25,17,21,37,24,28,33,27,47,52
218,2007-12-10,2,5,1,6,4,7,10,8,11,12,9,13,3,19,14,15,16,18,20,22,25,17,21,37,24,28,33,27,47,52
219,2007-12-17,2,5,1,6,4,7,10,8,11,12,9,13,3,19,14,15,16,18,20,22,25,17,21,37,24,28,33,27,47,52
220,2007-12-24,2,5,1,6,4,7,10,8,11,12,9,13,3,19,14,15,16,18,20,22,25,17,21,37,24,28,33,27,47,52
221,2007-12-31,2,5,1,6,4,7,10,8,11,12,9,13,3,19,14,15,16,18,20,22,25,17,21,37,24,28,33,27,47,52
222,2008-01-07,2,5,1,6,4,7,10,8,11,12,9,13,3,19,14,15,16,18,20,22,25,17,21,37,24,28,33,27,47,52
223,2008-01-14,2,5,1,6,4,7,10,8,11,12,9,13,3,19,14,15,16,18,20,22,25,17,21,37,24,28,33,27,47,52
224,2008-01-21,2,5,1,6,4,7,10,8,11,12,9,13,3,19,14,15,16,18,20,22,25,17,21,37,24,28,33,27,47,52
225,2008-01-28,2,5,1,6,4,7,10,8,11,12,9,13,3,19,14,15,16,18,20,22,25,17,21,37,24,28,33,27,47,52
226,2008-02-04,2,4,1,6,5,7,8,10,11,12,9,13,3,19,14,15,16,18,20,22,25,17,21,37,24,28,33,27,47,52
227,2008-02-11,2,4,1,6,5,7,8,10,11,12,9,13,3,19,15,16,14,18,20,22,25,17,21,37,24,28,33,27,47,52
228,2008-02-18,2,4,1,6,5,7,8,10,11,12,9,13,3,19,15,16,14,18,20,22,25,17,21,37,24,28,33,27,47,52
229,2008-02-25,2,5,1,6,4,7,8,10,11,12,9,13,3,19,15,16,14,18,20,22,25,17,21,37,24,28,33,27,47,52
230,2008-03-03,2,5,1,6,4,7,8,10,11,12,9,13,3,19,15,16,14,18,20,22,25,17,21,37,24,28,33,27,47,52
231,2008-03-10,2,4,1,6,5,8,7,9,11,12,10,13,3,19,15,16,14,18,20,22,25,17,21,37,24,28,33,27,47,52
232,2008-03-17,2,4,1,7,5,8,6,10,11,12,9,13,3,19,15,17,14,18,20,22,25,16,21,37,24,28,33,27,47,52
233,2008-03-24,2,4,1,7,5,8,6,10,11,12,9,13,3,19,15,17,14,18,20,22,25,16,21,37,24,28,33,27,47,52
234,2008-03-31,2,4,1,7,5,8,6,10,11,12,9,13,3,19,15,17,14,18,20,22,25,16,21,37,24,28,33,27,47,52
235,2008-04-07,2,4,1,7,5,8,6,10,11,12,9,13,3,19,15,17,14,18,20,22,25,16,21,36,24,27,33,28,47,49
236,2008-04-14,2,4,1,7,5,8,6,10,11,12,9,13,3,19,15,16,14,18,20,22,25,17,21,37,24,30,34,27,46,49
237,2008-04-21,2,4,1,7,5,8,6,10,11,12,9,13,3,19,15,16,14,18,20,22,25,17,21,37,24,30,34,27,46,54
238,2008-04-28,2,4,1,7,5,8,6,10,11,12,9,13,3,19,15,17,14,16,20,22,26,18,21,37,24,28,34,27,47,54
239,2008-05-05,2,4,1,7,5,8,6,10,11,12,9,13,3,19,15,17,14,16,20,22,26,18,21,36,24,28,32,27,47,54
240,2008-05-12,2,4,1,7,5,8,6,10,11,12,9,13,3,19,15,17,14,16,20,22,26,18,21,33,24,28,32,27,48,53
241,2008-05-19,2,4,1,7,5,8,6,10,11,12,9,13,3,19,15,17,14,16,20,22,26,18,21,33,24,28,32,27,48,53
242,2008-05-26,2,4,1,7,5,8,6,10,11,12,9,13,3,19,15,17,14,16,20,23,26,18,21,34,24,30,33,27,47,53
243,2008-06-02,2,4,1,7,5,8,6,10,11,12,9,13,3,19,15,17,14,16,20,23,26,18,21,34,24,30,33,27,47,53
244,2008-06-09,2,4,1,7,5,8,6,10,11,13,9,12,3,19,15,17,14,16,20,23,26,18,21,34,24,30,33,27,48,53
245,2008-06-16,2,4,1,7,5,8,6,9,11,12,10,13,3,19,16,17,14,15,20,23,26,18,21,34,24,30,33,27,48,53
246,2008-06-23,2,4,1,7,5,8,6,9,11,12,10,13,3,20,15,17,14,16,19,23,26,18,21,34,24,30,33,27,48,53
247,2008-06-30,2,3,1,7,5,8,6,9,11,12,10,15,4,20,14,17,13,16,19,23,26,18,21,33,24,30,29,27,48,53
248,2008-07-07,1,3,2,7,5,8,6,9,10,12,11,13,4,20,15,17,14,16,19,23,26,18,21,33,24,30,29,27,48,53
249,2008-07-14,2,3,1,7,5,8,6,9,10,12,11,13,4,20,15,17,14,16,19,23,26,18,21,33,24,30,29,27,48,53
250,2008-07-21,2,3,1,7,5,8,6,9,10,12,11,13,4,20,15,17,14,16,19,23,26,18,21,33,24,30,29,27,48,53
251,2008-07-28,2,3,1,7,5,8,6,9,10,12,11,13,4,20,15,17,14,16,19,23,26,18,21,33,24,30,29,27,48,53
252,2008-08-04,2,3,1,7,5,8,6,9,10,12,11,13,4,20,15,17,14,16,19,23,26,18,21,32,24,30,28,27,48,53
253,2008-08-11,2,3,1,7,5,8,6,9,10,12,11,13,4,20,15,17,14,16,19,23,26,18,21,32,24,30,28,27,48,53
254,2008-08-18,1,3,2,7,5,8,6,9,10,12,11,13,4,20,15,17,14,16,19,23,26,18,21,31,24,30,28,27,48,52
255,2008-08-25,1,2,3,7,5,8,6,9,10,12,11,13,4,20,15,17,14,16,19,23,26,18,21,31,24,30,28,27,48,52
256,2008-09-01,1,3,2,7,5,8,6,9,10,12,11,13,4,20,15,17,14,16,19,23,26,18,21,31,24,30,28,27,48,52
257,2008-09-08,1,3,2,7,5,8,6,9,10,12,11,13,4,20,15,17,14,16,19,23,26,18,21,31,24,30,28,27,48,52
258,2008-09-15,1,3,2,7,5,8,6,9,10,12,11,13,4,20,15,17,14,16,19,23,26,18,21,31,24,30,28,27,48,52
259,2008-09-22,1,3,2,7,5,8,6,9,10,12,11,13,4,20,15,17,14,16,19,23,26,18,21,31,24,30,28,27,48,52
260,2008-09-29,1,3,2,7,5,8,6,9,10,12,11,13,4,20,15,17,14,16,19,23,26,18,21,31,24,30,28,27,48,52
261,2008-10-06,1,3,2,7,5,8,6,9,10,12,11,13,4,20,15,17,14,16,19,23,26,18,21,38,24,30,28,27,48,52
262,2008-10-13,1,3,2,7,5,8,6,9,10,12,11,13,4,20,15,17,14,16,19,23,26,18,21,38,24,30,28,27,47,52
263,2008-10-20,1,3,2,7,5,8,6,9,10,12,11,13,4,20,15,17,14,16,19,23,26,18,21,38,24,30,28,27,47,52
264,2008-10-27,1,3,2,7,5,8,6,9,10,12,11,13,4,20,15,17,14,16,19,23,26,18,21,39,24,30,28,27,46,52
265,2008-11-03,1,3,2,7,5,8,6,9,10,12,11,13,4,20,15,17,14,16,19,23,26,18,21,38,24,30,28,27,43,52
266,2008-11-10,1,3,2,6,4,8,7,9,11,12,10,13,5,19,15,17,14,16,20,23,26,18,21,38,24,30,28,27,41,51
267,2008-11-17,1,3,2,6,5,8,7,9,11,12,10,13,4,19,15,17,14,16,20,23,25,18,21,33,24,30,28,27,41,54
268,2008-11-24,1,3,2,7,5,8,6,9,11,12,10,13,4,19,15,17,14,16,20,23,25,18,21,32,24,30,28,27,41,54
269,2008-12-01,1,3,2,7,6,8,5,9,11,12,10,13,4,19,15,17,14,16,20,23,25,18,21,32,24,30,28,27,41,54
270,2008-12-08,1,3,2,7,6,8,5,9,11,12,10,13,4,19,15,17,14,16,20,23,25,18,21,32,24,30,28,27,41,54
271,2008-12-15,1,3,2,7,6,8,5,9,11,12,10,13,4,19,15,17,14,16,20,23,25,18,21,32,24,30,28,27,41,54
272,2008-12-22,1,3,2,7,6,8,5,9,11,12,10,13,4,19,15,17,14,16,20,23,25,18,21,32,24,30,28,27,41,54
273,2008-12-29,1,3,2,7,6,8,5,9,11,12,10,13,4,19,15,17,14,16,20,23,25,18,21,32,24,30,28,27,41,54
274,2009-01-05,1,3,2,7,6,8,5,9,11,12,10,13,4,19,15,17,14,16,20,23,25,18,21,32,24,30,28,27,41,54
275,2009-01-12,1,3,2,7,6,8,5,9,11,12,10,13,4,19,15,17,14,16,20,23,25,18,21,32,24,30,28,27,41,54
276,2009-01-19,1,3,2,7,6,8,5,9,11,12,10,13,4,19,15,17,14,16,20,23,25,18,21,32,24,30,28,27,41,54
277,2009-01-26,1,3,2,7,6,8,5,9,11,12,10,13,4,19,15,17,14,16,20,23,25,18,21,32,24,30,28,27,41,54
278,2009-02-02,1,3,2,7,6,8,5,9,11,12,10,13,4,19,15,17,14,16,20,23,25,18,21,32,24,30,28,27,41,54
279,2009-02-09,1,3,2,8,6,7,4,9,11,12,10,13,5,19,15,17,14,16,20,23,25,18,21,32,24,30,28,27,41,54
280,2009-02-16,1,3,2,8,7,6,4,9,11,12,10,13,5,19,14,16,15,17,20,23,25,18,21,32,24,30,28,27,41,54
281,2009-02-23,1,3,2,8,7,6,4,9,11,12,10,13,5,19,14,16,15,17,20,22,25,18,21,32,24,30,28,27,41,54
282,2009-03-02,1,3,2,7,8,6,5,9,12,11,10,13,4,19,15,18,14,16,20,22,25,17,21,32,24,30,28,27,41,54
283,2009-03-09,1,3,2,7,8,6,5,9,12,11,10,13,4,19,15,18,14,16,20,22,25,17,21,32,24,30,28,27,41,54
284,2009-03-16,1,3,2,8,7,4,5,9,12,11,10,13,6,19,15,18,14,16,20,21,25,17,22,32,24,30,27,28,41,51
285,2009-03-23,1,3,2,8,6,4,7,10,12,11,9,14,5,19,15,18,13,16,20,21,25,17,22,32,24,31,27,28,41,51
286,2009-03-30,1,3,2,8,6,4,7,10,12,11,9,14,5,19,15,18,13,16,20,21,25,17,22,32,24,31,27,28,41,51
287,2009-04-06,1,3,2,8,6,4,7,10,12,11,9,14,5,19,15,18,13,16,20,21,25,17,22,32,24,31,27,28,41,58
288,2009-04-13,1,3,2,8,6,4,7,10,12,11,9,14,5,19,15,18,13,16,20,21,25,17,22,32,24,31,27,28,41,58
289,2009-04-20,1,3,2,8,6,4,7,10,12,11,9,14,5,19,15,18,13,16,20,21,25,17,22,32,24,31,27,28,40,57
290,2009-04-27,1,3,2,8,6,4,7,10,12,11,9,14,5,19,15,18,13,16,20,21,25,17,22,32,24,31,28,27,36,57
291,2009-05-04,1,3,2,8,6,4,7,10,12,11,9,14,5,19,15,18,13,16,20,21,25,17,22,33,23,32,27,28,35,57
292,2009-05-11,1,3,2,8,6,4,7,10,12,11,9,14,5,19,15,18,13,16,20,21,25,17,22,33,23,32,27,28,35,57
293,2009-05-18,1,3,2,8,6,4,7,10,12,11,9,14,5,19,15,18,13,16,20,21,25,17,22,31,23,33,27,28,35,57
294,2009-05-25,1,3,2,8,6,4,7,10,12,11,9,14,5,19,15,18,13,16,20,21,25,17,22,31,23,34,28,29,35,57
295,2009-06-01,1,3,2,8,6,4,7,10,12,11,9,14,5,19,15,18,13,16,20,21,25,17,22,29,23,34,28,31,35,57
296,2009-06-08,1,3,2,8,5,4,6,10,12,11,9,14,7,19,13,18,15,16,20,21,25,17,22,29,23,34,28,31,37,57
297,2009-06-15,1,3,2,5,7,4,8,10,12,11,9,14,6,19,13,18,15,16,20,21,25,17,22,30,23,34,29,32,36,57
298,2009-06-22,1,3,2,5,7,4,8,10,12,11,9,14,6,18,13,19,17,15,21,20,25,16,22,30,23,34,29,32,36,57
299,2009-06-29,1,3,2,5,7,4,8,10,12,11,9,15,6,18,13,19,17,14,21,20,25,16,22,30,23,34,29,32,36,57
300,2009-07-06,1,3,2,5,7,4,8,10,12,11,9,15,6,18,13,19,17,14,21,20,25,16,22,30,23,34,29,32,36,57
301,2009-07-13,1,3,2,5,7,4,8,10,12,11,9,15,6,18,13,19,17,14,21,20,25,16,22,30,23,34,29,32,36,57
302,2009-07-20,1,3,2,5,7,4,8,10,12,11,9,15,6,18,13,19,17,14,21,20,25,16,22,30,23,34,29,32,36,57
303,2009-07-27,2,3,1,5,7,4,8,10,12,11,9,15,6,18,13,19,17,14,21,20,25,16,22,30,23,34,29,32,36,57
304,2009-08-03,2,3,1,5,7,4,8,10,12,11,9,15,6,18,13,19,17,14,21,20,25,16,22,30,23,34,29,32,36,57
305,2009-08-10,2,3,1,5,7,4,8,10,12,11,9,15,6,18,13,19,17,14,21,20,25,16,22,30,23,34,29,32,36,57
306,2009-08-17,2,3,1,5,7,4,8,10,12,11,9,15,6,18,13,19,17,14,21,20,25,16,22,30,23,34,29,32,36,57
307,2009-08-24,2,3,1,5,7,4,8,10,12,11,9,15,6,18,13,19,17,14,21,20,25,16,22,30,23,34,29,32,36,57
308,2009-08-31,2,3,1,5,7,4,8,10,12,11,9,15,6,18,13,19,17,14,21,20,25,16,22,30,23,34,29,32,36,57
309,2009-09-07,2,3,1,5,7,4,8,10,12,11,9,15,6,18,13,19,17,14,21,20,25,16,22,30,23,34,29,32,36,57
310,2009-09-14,2,3,1,5,7,4,8,10,12,11,9,15,6,18,13,19,17,14,21,20,25,16,22,31,23,34,29,32,36,57
311,2009-09-21,2,3,1,5,7,4,8,10,12,11,9,15,6,18,13,19,17,14,21,20,25,16,22,31,23,34,29,32,36,57
312,2009-09-28,2,3,1,5,7,4,8,10,12,11,9,15,6,18,13,19,17,14,21,20,25,16,22,31,23,34,29,32,36,57
313,2009-10-05,2,3,1,5,7,4,8,10,12,11,9,15,6,18,13,19,17,14,21,20,25,16,22,31,23,34,29,32,36,57
314,2009-10-12,2,3,1,5,7,4,8,10,12,11,9,15,6,18,13,19,17,14,21,20,25,16,22,31,23,34,30,32,36,57
315,2009-10-19,2,3,1,5,7,4,8,10,12,11,9,15,6,18,13,19,17,14,21,20,25,16,22,31,23,34,30,32,36,57
316,2009-10-26,2,3,1,5,7,4,8,10,12,11,9,15,6,18,13,19,17,14,21,20,25,16,22,34,23,35,30,31,36,59
317,2009-11-02,2,3,1,5,7,4,8,10,12,11,9,15,6,18,13,19,17,14,21,20,25,16,22,34,23,35,30,31,36,59
318,2009-11-09,2,3,1,5,8,4,7,10,12,11,9,15,6,18,13,19,17,14,20,21,23,16,22,34,24,35,30,31,36,59
319,2009-11-16,1,3,2,5,6,4,8,9,12,11,10,15,7,17,14,19,18,13,20,21,22,16,23,33,24,34,29,31,35,59
320,2009-11-23,1,3,2,5,7,4,6,9,12,11,10,15,8,17,14,19,18,13,20,21,22,16,23,33,24,34,29,31,35,59
321,2009-11-30,1,3,2,5,6,4,8,9,11,12,10,15,7,16,14,19,17,13,20,21,22,18,23,33,24,34,29,31,35,59
322,2009-12-07,1,3,2,5,6,4,8,9,11,12,10,15,7,16,14,19,17,13,20,21,22,18,23,33,24,34,29,31,35,58
323,2009-12-14,1,3,2,5,6,4,8,9,11,12,10,15,7,16,14,19,17,13,20,21,22,18,23,33,24,36,29,31,34,58
324,2009-12-21,1,3,2,5,6,4,8,9,11,12,10,15,7,16,14,19,17,13,20,21,22,18,23,35,24,39,29,31,34,58
325,2009-12-28,1,3,2,5,6,4,8,9,11,12,10,15,7,16,14,19,17,13,20,21,22,18,23,35,24,39,29,31,34,58
326,2010-01-04,1,3,2,5,6,4,8,9,11,12,10,15,7,16,14,19,17,13,20,21,22,18,23,35,24,39,29,31,34,58
327,2010-01-11,1,3,2,5,6,4,8,9,11,12,10,15,7,16,14,19,17,13,20,21,22,18,23,35,24,39,29,31,34,58
328,2010-01-18,1,3,2,5,6,4,8,9,11,12,10,15,7,16,14,19,17,13,20,21,22,18,23,35,24,39,29,31,34,58
329,2010-01-25,1,3,2,5,6,4,8,9,11,12,10,15,7,16,14,19,18,13,20,21,23,17,22,35,24,39,29,31,34,58
330,2010-02-01,1,3,2,5,6,4,8,9,11,12,10,15,7,16,14,19,18,13,20,21,23,17,22,35,24,39,29,31,34,58
331,2010-02-08,1,3,2,5,6,4,8,10,11,12,9,15,7,16,14,19,18,13,20,21,23,17,22,35,24,39,29,31,34,58
332,2010-02-15,1,3,2,4,6,5,8,10,11,12,9,15,7,18,14,19,17,13,20,21,22,16,23,35,24,39,29,31,34,58
333,2010-02-22,1,3,2,4,6,5,8,10,11,12,9,15,7,18,14,19,17,13,20,21,22,16,23,35,24,39,29,31,34,58
334,2010-03-01,1,3,2,4,6,5,8,10,11,12,9,15,7,17,14,19,16,13,20,21,22,18,23,35,24,39,28,31,34,58
335,2010-03-08,1,3,2,4,6,5,8,10,11,12,9,15,7,17,14,19,16,13,20,21,22,18,23,35,24,39,28,31,34,58
336,2010-03-15,1,3,2,4,7,5,8,10,11,12,9,15,6,16,14,19,18,13,21,20,22,17,25,35,23,39,28,31,34,58
337,2010-03-22,1,3,2,4,7,5,8,9,11,12,10,15,6,17,14,18,16,13,21,20,22,19,25,35,23,39,28,30,34,58
338,2010-03-29,1,3,2,4,7,5,8,9,11,12,10,15,6,17,14,18,16,13,21,20,22,19,25,35,23,39,28,30,34,58
339,2010-04-05,1,3,2,4,7,5,8,9,11,12,10,15,6,17,14,18,16,13,21,20,22,19,25,34,23,39,28,29,33,58
340,2010-04-12,1,3,2,4,7,5,8,9,11,12,10,15,6,17,14,18,16,13,21,20,22,19,25,35,23,39,27,28,33,58
341,2010-04-19,1,3,2,4,7,5,8,9,11,12,10,15,6,17,14,18,16,13,21,20,22,19,25,35,23,39,27,28,33,58
342,2010-04-26,1,3,2,4,7,5,8,9,11,12,10,15,6,17,14,18,16,13,21,20,22,19,24,38,23,33,28,26,35,57
343,2010-05-03,1,3,2,4,7,5,8,9,11,12,10,15,6,17,14,18,16,13,21,20,22,19,24,37,23,38,28,26,34,57
344,2010-05-10,1,3,2,4,7,5,8,9,11,12,10,15,6,17,14,18,16,13,21,20,22,19,24,37,23,34,27,26,35,63
345,2010-05-17,1,3,2,4,7,5,8,9,11,12,10,15,6,17,14,18,16,13,20,21,22,19,24,38,23,34,30,25,36,62
346,2010-05-24,1,3,2,4,7,5,8,9,11,12,10,15,6,18,14,17,16,13,20,21,22,19,23,38,24,34,27,26,36,62
347,2010-05-31,1,3,2,4,7,5,8,9,11,12,10,15,6,18,14,17,16,13,20,21,22,19,23,38,24,34,27,26,36,62
348,2010-06-07,1,3,2,4,7,5,8,9,11,12,10,15,6,17,14,18,16,13,20,21,22,19,23,38,24,34,27,26,36,62
349,2010-06-14,1,3,2,4,6,5,8,9,11,12,10,17,7,16,14,18,15,13,20,21,22,19,23,38,24,34,27,26,36,62
350,2010-06-21,1,4,2,3,6,5,8,7,11,13,10,16,9,15,14,19,17,12,22,21,20,18,23,38,24,34,28,27,36,63
351,2010-06-28,1,3,2,4,6,5,9,7,11,12,10,16,8,15,14,19,17,13,22,21,20,18,23,38,24,34,28,27,36,63
352,2010-07-05,1,3,2,4,6,5,9,7,11,12,10,16,8,15,14,19,17,13,22,21,20,18,23,38,24,34,28,27,36,63
353,2010-07-12,1,3,2,4,6,5,9,7,11,12,10,16,8,15,14,19,17,13,22,21,20,18,23,39,24,34,28,27,37,63
354,2010-07-19,1,3,2,4,6,5,9,7,11,12,10,16,8,15,14,19,17,13,21,22,20,18,23,39,24,35,28,26,37,63
355,2010-07-26,1,3,2,4,6,5,9,7,11,12,10,16,8,15,14,19,17,13,21,22,20,18,23,39,24,35,28,26,37,63
356,2010-08-02,1,3,2,4,6,5,9,7,11,12,10,16,8,15,14,19,17,13,21,22,20,18,23,39,24,35,28,26,37,63
357,2010-08-09,1,3,2,4,6,5,9,7,11,12,10,16,8,15,14,19,17,13,21,22,20,18,23,39,24,35,28,26,37,63
358,2010-08-16,1,3,2,4,6,5,9,7,11,12,10,16,8,15,14,19,17,13,21,22,20,18,23,39,24,35,28,26,37,63
359,2010-08-23,1,3,2,4,6,5,9,7,11,12,10,16,8,15,14,19,17,13,21,22,20,18,23,39,24,35,28,26,37,63
360,2010-08-30,1,3,2,4,6,5,9,7,11,12,10,16,8,15,14,19,17,13,21,22,20,18,23,39,24,35,28,26,37,63
361,2010-09-06,1,2,3,4,6,5,9,7,11,12,10,16,8,15,14,19,17,13,21,22,20,18,23,39,24,35,28,26,37,63
362,2010-09-13,1,2,3,4,6,5,9,7,11,12,10,16,8,15,14,19,17,13,21,22,20,18,23,39,24,35,28,26,37,63
363,2010-09-20,1,2,3,4,6,5,9,7,11,12,10,16,8,15,14,19,17,13,21,22,20,18,23,39,24,35,28,26,37,63
364,2010-09-27,1,2,3,4,6,5,9,7,11,12,10,16,8,15,14,19,17,13,21,22,20,18,23,39,24,35,28,26,37,63
365,2010-10-04,1,2,3,4,6,5,9,7,11,12,10,16,8,15,14,19,17,13,21,22,20,18,23,39,24,35,28,26,37,63
366,2010-10-11,1,2,3,4,6,5,9,7,11,12,10,16,8,15,14,19,17,13,21,22,20,18,23,39,24,35,28,26,37,63
367,2010-10-18,1,2,3,4,6,5,9,7,11,12,10,16,8,15,14,19,17,13,21,22,20,18,23,39,24,35,28,26,37,63
368,2010-10-25,1,2,3,4,6,5,9,7,11,12,10,16,8,15,14,19,17,13,21,22,20,18,23,39,24,35,28,26,37,63
369,2010-11-01,1,2,3,4,6,5,9,7,12,11,10,16,8,15,14,19,17,13,21,22,20,18,23,39,24,35,28,26,37,61
370,2010-11-08,1,2,3,4,5,6,9,7,12,11,10,16,8,15,14,19,17,13,21,22,20,18,23,39,24,35,28,26,37,62
371,2010-11-15,1,3,2,5,4,6,9,8,12,11,10,16,7,15,14,19,17,13,21,22,20,18,23,42,24,35,28,25,38,62
372,2010-11-22,1,2,3,5,4,7,9,6,12,11,10,17,8,15,14,19,16,13,22,21,20,18,23,38,24,35,28,25,39,67
373,2010-11-29,1,2,3,6,4,5,9,7,12,11,10,17,8,16,14,19,15,13,20,21,22,18,23,38,24,36,28,25,42,67
374,2010-12-06,1,2,3,6,4,5,9,7,12,11,10,17,8,16,14,19,15,13,20,21,22,18,23,38,24,36,28,25,42,67
375,2010-12-13,1,2,3,6,4,5,9,7,12,11,10,17,8,16,14,19,15,13,20,21,22,18,23,38,24,37,28,25,42,67
376,2010-12-20,1,2,3,6,4,5,9,7,12,11,10,17,8,16,14,19,15,13,20,21,22,18,23,38,24,37,28,25,42,67
377,2010-12-27,1,2,3,6,4,5,9,7,12,11,10,17,8,16,14,19,15,13,20,21,22,18,23,38,24,37,28,25,42,67
378,2011-01-03,1,2,3,6,4,5,9,7,12,11,10,17,8,16,14,19,15,13,20,21,22,18,23,38,24,37,28,25,42,67
379,2011-01-10,1,2,3,6,4,5,9,7,12,11,10,17,8,16,14,19,15,13,20,21,22,18,23,38,24,37,28,25,42,67
380,2011-01-17,1,2,3,6,4,5,9,7,12,11,10,17,8,16,14,19,15,13,20,21,22,18,23,38,24,37,28,25,42,67
381,2011-01-24,1,2,3,6,4,5,9,7,12,11,10,17,8,16,14,19,15,13,20,21,22,18,23,38,24,37,28,25,42,67
382,2011-01-31,1,2,3,6,4,5,9,7,12,11,10,17,8,16,14,19,15,13,20,21,22,18,23,38,24,37,28,25,42,67
383,2011-02-07,1,2,3,5,4,6,9,7,12,11,10,17,8,16,14,19,15,13,21,20,22,18,23,37,24,36,28,25,41,66
384,2011-02-14,1,2,3,4,5,6,8,9,12,11,10,17,7,16,14,19,15,13,21,20,22,18,23,37,25,36,28,24,41,66
385,2011-02-21,1,2,3,4,5,6,8,9,12,11,10,17,7,16,14,19,15,13,21,20,22,18,23,37,25,36,28,24,41,65
386,2011-02-28,1,2,3,5,4,6,7,9,12,11,10,17,8,16,14,18,15,13,21,20,22,19,23,37,25,36,28,24,41,65
387,2011-03-07,1,2,3,5,4,6,7,9,12,11,10,17,8,16,14,18,15,13,21,20,22,19,23,37,25,36,28,24,41,65
388,2011-03-14,1,2,3,5,4,6,7,9,12,11,10,17,8,16,15,18,14,13,21,20,22,19,23,34,24,37,29,26,41,65
389,2011-03-21,1,2,3,6,5,4,7,9,12,11,10,17,8,16,15,18,14,13,21,20,22,19,23,34,24,37,28,26,41,60
390,2011-03-28,1,2,3,6,5,4,7,9,12,11,10,17,8,16,15,18,14,13,21,20,22,19,23,34,24,37,28,26,41,60
391,2011-04-04,1,2,3,6,5,4,7,9,12,11,10,17,8,16,15,18,14,13,21,20,22,19,23,34,24,37,28,26,41,60
392,2011-04-11,1,2,3,6,5,4,7,9,12,11,10,17,8,16,15,18,14,13,21,20,22,19,23,34,24,37,28,26,41,60
393,2011-04-18,1,2,3,6,5,4,7,9,12,11,10,17,8,16,15,18,14,13,21,20,22,19,23,32,24,37,28,26,42,60
394,2011-04-25,1,2,3,6,5,4,7,9,12,11,10,17,8,16,15,18,14,13,21,20,22,19,23,33,24,32,27,25,44,60
395,2011-05-02,1,2,3,6,5,4,7,9,12,11,10,17,8,16,15,18,14,13,21,20,22,19,23,33,24,32,27,25,43,54
396,2011-05-09,1,2,3,6,5,4,7,9,12,11,10,17,8,16,15,18,14,13,21,20,22,19,23,33,24,28,27,25,42,54
397,2011-05-16,1,2,3,6,5,4,7,9,12,11,10,17,8,16,15,18,14,13,21,20,22,19,23,33,24,27,31,25,42,54
398,2011-05-23,1,2,3,6,5,4,7,9,12,11,10,17,8,16,15,18,14,13,22,20,21,19,24,33,23,27,29,25,43,54
399,2011-05-30,1,2,3,6,5,4,7,9,12,11,10,17,8,16,15,18,14,13,22,20,21,19,24,33,23,27,29,25,42,54
400,2011-06-06,1,2,3,6,5,4,7,9,12,11,10,17,8,16,15,18,14,13,22,20,21,19,24,34,23,27,29,25,42,54
401,2011-06-13,1,2,3,6,5,4,7,9,12,11,10,16,8,17,15,18,14,13,22,20,21,19,24,34,23,27,29,25,41,54
402,2011-06-20,1,2,3,6,5,4,7,9,12,11,10,16,8,17,15,18,14,13,22,21,20,19,24,34,23,27,29,25,42,54
403,2011-06-27,1,2,3,6,5,4,7,9,12,11,10,16,8,17,15,18,14,13,22,21,20,19,24,34,23,27,29,25,42,55
404,2011-07-04,1,2,3,6,5,4,7,9,11,10,13,12,8,17,16,18,14,15,22,21,20,19,24,34,23,27,29,25,42,55
405,2011-07-11,1,2,3,6,5,4,7,9,11,10,12,14,8,17,16,18,15,13,22,21,20,19,24,34,23,27,29,25,42,55
406,2011-07-18,1,3,2,6,5,4,7,9,11,10,14,13,8,17,16,18,15,12,22,21,20,19,24,34,23,27,29,25,42,55
407,2011-07-25,1,2,3,6,5,4,7,9,11,10,14,13,8,17,16,18,15,12,22,21,20,19,24,34,23,27,29,25,42,55
408,2011-08-01,1,2,3,6,5,4,7,9,11,10,14,13,8,17,16,18,15,12,22,21,20,19,24,34,23,27,29,25,42,55
409,2011-08-08,1,2,3,5,4,6,7,9,11,10,14,13,8,17,16,18,15,12,22,21,20,19,24,34,23,27,29,25,42,55
410,2011-08-15,1,2,3,4,5,6,7,9,11,10,12,15,8,18,14,17,16,13,22,21,20,19,24,34,23,27,29,25,42,55
411,2011-08-22,1,2,3,4,5,7,6,8,11,10,15,12,9,18,14,17,16,13,22,21,20,19,24,34,23,27,29,25,42,55
412,2011-08-29,1,2,3,4,5,8,6,7,11,10,15,12,9,18,14,17,16,13,22,21,20,19,24,34,23,27,29,25,42,56
413,2011-09-05,1,2,3,4,5,8,6,7,11,10,15,12,9,18,14,17,16,13,22,21,20,19,24,34,23,27,29,25,42,56
414,2011-09-12,1,2,3,5,4,8,6,7,11,10,15,12,9,18,14,17,16,13,22,21,20,19,24,34,23,27,29,25,42,56
415,2011-09-19,1,3,2,5,4,6,7,8,10,12,14,15,9,17,11,18,16,13,22,20,19,21,24,34,23,27,29,25,42,56
416,2011-09-26,1,3,2,5,4,6,7,9,11,10,16,13,8,17,12,18,14,15,22,20,19,21,24,34,23,27,29,25,42,56
417,2011-10-03,1,3,2,8,4,5,6,10,12,11,16,9,7,17,13,18,14,15,22,20,19,21,24,34,23,27,29,25,42,56
418,2011-10-10,1,2,3,5,6,7,4,10,12,11,16,9,8,17,13,18,14,15,22,20,19,21,24,34,23,27,29,25,42,56
419,2011-10-17,1,2,4,3,5,7,6,10,12,11,16,9,8,17,13,18,14,15,22,20,19,21,24,30,23,27,29,25,42,56
420,2011-10-24,1,2,4,3,5,6,8,10,12,11,16,9,7,17,13,18,14,15,22,20,19,21,24,30,23,27,29,25,42,56
421,2011-10-31,1,2,4,3,5,6,8,10,12,11,16,9,7,17,13,18,14,15,22,20,19,21,24,30,23,27,29,25,42,56
422,2011-11-07,1,2,4,3,5,6,8,10,12,11,16,9,7,17,13,18,14,15,22,20,19,21,24,30,23,27,29,25,43,56
423,2011-11-14,1,2,4,3,5,6,8,10,12,11,16,9,7,17,13,18,14,15,19,24,20,21,23,29,22,27,28,25,45,54
424,2011-11-21,1,2,4,3,5,6,8,10,12,11,16,9,7,17,13,18,14,15,21,24,19,20,22,27,23,28,29,25,45,54
425,2011-11-28,1,2,4,3,5,6,8,10,12,11,16,9,7,17,13,18,14,15,21,24,19,20,22,28,23,29,30,25,45,49
426,2011-12-05,1,2,4,3,5,6,8,10,12,11,16,9,7,17,13,18,14,15,21,24,19,20,22,28,23,29,30,25,45,49
427,2011-12-12,1,2,4,3,5,6,8,10,12,11,16,9,7,17,13,18,14,15,21,24,19,20,22,28,23,29,33,25,45,49
428,2011-12-19,1,2,4,3,5,6,8,10,12,11,16,9,7,17,13,18,14,15,21,24,19,20,22,29,23,26,34,25,45,49
429,2011-12-26,1,2,4,3,5,6,8,10,12,11,16,9,7,17,13,18,14,15,21,24,19,20,22,29,23,26,34,25,45,49
430,2012-01-02,1,2,4,3,5,6,8,10,12,11,16,9,7,17,13,18,14,15,21,24,19,20,22,29,23,26,34,25,45,49
431,2012-01-09,1,2,4,3,5,6,8,10,12,11,16,9,7,17,13,18,14,15,21,24,19,20,22,29,23,26,34,25,45,49
432,2012-01-16,1,2,4,3,5,6,8,10,12,11,16,9,7,17,13,18,14,15,21,24,19,20,22,29,23,26,34,25,45,49
433,2012-01-23,1,2,4,3,5,6,8,10,12,11,16,9,7,17,13,18,14,15,21,24,19,20,22,29,23,26,34,25,45,49
434,2012-01-30,1,2,4,3,5,6,8,10,12,11,16,9,7,17,13,18,14,15,21,24,19,20,22,29,23,26,34,25,45,49
435,2012-02-06,1,2,4,3,5,8,6,11,12,10,16,9,7,17,13,18,14,15,21,24,19,20,22,29,23,26,34,25,45,49
436,2012-02-13,1,2,4,3,5,8,6,11,12,10,16,9,7,17,13,18,15,14,22,24,21,20,19,29,23,26,34,25,45,49
437,2012-02-20,1,2,4,3,5,8,6,11,12,10,16,9,7,17,13,18,15,14,22,24,21,20,19,29,23,26,34,25,45,49
438,2012-02-27,1,2,4,3,6,8,5,11,12,10,16,9,7,18,13,17,15,14,21,24,20,22,19,29,23,26,34,25,45,49
439,2012-03-05,1,2,3,4,6,7,5,11,12,10,16,9,8,18,13,17,15,14,21,24,20,22,19,29,23,26,34,25,45,49
440,2012-03-12,1,2,3,6,4,7,5,11,12,10,16,9,8,17,13,18,15,14,21,24,20,22,19,28,23,26,35,25,45,49
441,2012-03-19,1,2,3,6,4,8,5,12,11,10,16,9,7,17,13,18,15,14,21,25,20,22,19,28,23,26,35,24,45,49
442,2012-03-26,1,2,3,6,4,8,5,12,11,10,16,9,7,17,13,18,15,14,21,25,20,22,19,28,23,26,35,24,45,49
443,2012-04-02,1,2,3,6,4,8,5,12,11,10,16,9,7,17,13,18,15,14,21,25,20,22,19,28,23,26,35,24,45,49
444,2012-04-09,1,2,3,6,4,8,5,12,11,10,16,9,7,17,13,18,15,14,21,25,20,22,19,28,23,26,34,24,42,49
445,2012-04-16,1,2,3,6,4,8,5,12,11,10,16,9,7,17,13,18,15,14,21,25,20,22,19,28,23,26,34,24,42,49
446,2012-04-23,1,2,3,6,4,8,5,12,11,10,16,9,7,17,13,18,15,14,21,25,20,22,19,28,23,26,34,24,44,49
447,2012-04-30,1,2,3,6,4,8,5,12,11,10,16,9,7,17,13,18,15,14,21,25,20,22,19,28,23,26,34,24,44,50
448,2012-05-07,1,2,3,6,4,8,5,12,11,10,16,9,7,17,13,18,15,14,21,25,20,22,19,27,23,29,34,24,44,51
449,2012-05-14,1,2,3,6,4,8,5,12,11,10,16,9,7,17,13,18,15,14,21,25,20,22,19,27,23,29,34,24,44,51
450,2012-05-21,1,2,3,6,4,8,5,12,11,10,16,9,7,17,13,18,15,14,22,25,20,21,19,28,23,29,34,24,44,51
451,2012-05-28,1,2,3,6,4,8,5,12,11,10,16,9,7,17,13,18,15,14,19,25,21,22,20,29,24,28,33,23,45,51
452,2012-06-04,1,2,3,6,4,8,5,12,11,10,16,9,7,17,13,18,15,14,19,25,21,22,20,29,24,28,33,23,45,50
453,2012-06-11,1,2,3,6,4,8,5,11,12,9,15,10,7,17,13,18,14,16,22,25,20,21,19,29,24,28,33,23,45,50
454,2012-06-18,1,2,3,7,5,8,4,10,12,9,14,11,6,17,13,18,15,16,22,26,21,19,20,29,24,28,33,23,45,50
455,2012-06-25,1,2,3,5,4,7,6,9,11,10,14,12,8,17,13,18,15,16,22,26,21,19,20,29,24,28,33,23,45,50
456,2012-07-02,1,2,3,5,4,7,6,9,11,10,14,12,8,17,13,18,15,16,22,26,21,19,20,29,24,28,33,23,45,50
457,2012-07-09,1,2,3,5,4,7,6,9,11,10,14,12,8,17,13,18,15,16,21,26,22,19,20,28,24,27,33,23,46,52
458,2012-07-16,1,2,3,5,4,7,6,9,11,10,14,12,8,17,13,18,15,16,21,26,22,19,20,28,24,27,33,23,46,52
459,2012-07-23,1,2,3,5,4,7,6,9,11,10,14,12,8,17,13,18,15,16,21,26,22,19,20,28,24,27,33,23,46,52
460,2012-07-30,1,2,3,5,4,7,6,9,11,10,14,12,8,17,13,18,15,16,21,26,22,19,20,28,24,27,33,23,47,52
461,2012-08-06,1,2,3,5,4,7,6,9,11,10,14,12,8,17,13,18,15,16,21,26,22,19,20,28,24,27,33,23,47,52
462,2012-08-13,1,2,3,5,4,7,6,9,11,10,14,12,8,17,13,18,15,16,21,26,22,19,20,28,24,27,33,23,47,52
463,2012-08-20,1,2,3,5,4,7,6,9,11,10,14,12,8,17,13,18,15,16,21,26,22,19,20,28,24,27,33,23,47,52
464,2012-08-27,1,2,3,5,4,7,6,9,11,10,14,12,8,17,13,18,15,16,21,26,22,19,20,28,24,27,33,23,47,52
465,2012-09-03,1,2,3,5,4,7,6,9,11,10,14,12,8,17,13,18,15,16,21,26,22,19,20,28,24,27,33,23,47,52
466,2012-09-10,1,2,3,5,4,7,6,9,11,10,14,12,8,17,13,18,15,16,21,26,22,19,20,28,24,27,33,23,47,52
467,2012-09-17,1,2,3,5,4,7,6,9,11,10,14,12,8,17,13,18,15,16,21,26,22,19,20,28,24,27,33,23,47,52
468,2012-09-24,1,2,3,5,4,7,6,9,11,10,14,12,8,17,13,18,15,16,21,26,22,19,20,28,24,27,33,23,47,52
469,2012-10-01,1,3,2,5,4,7,6,9,11,10,14,12,8,17,13,18,15,16,21,26,22,19,20,28,24,27,33,23,47,52
470,2012-10-08,1,2,3,5,4,7,6,9,11,10,14,12,8,17,13,18,15,16,21,26,22,19,20,27,24,28,33,23,47,52
471,2012-10-15,1,2,3,5,4,7,6,9,11,10,14,12,8,17,13,18,15,16,21,26,22,19,20,27,24,28,33,23,47,52
472,2012-10-22,1,2,3,5,4,7,6,9,11,10,14,12,8,17,13,18,15,16,21,26,22,19,20,27,24,28,33,23,47,52
473,2012-10-29,1,2,3,5,4,7,6,9,11,10,14,12,8,17,13,18,15,16,21,26,22,19,20,27,24,28,33,23,46,53
474,2012-11-05,1,2,3,5,4,7,6,9,11,10,14,12,8,17,13,18,15,16,21,27,22,19,20,25,24,28,33,23,47,50
475,2012-11-12,1,3,2,4,5,8,6,9,11,10,14,12,7,17,13,18,16,15,22,24,21,20,19,26,25,28,33,23,39,50
476,2012-11-19,1,3,2,4,5,7,8,10,11,9,14,12,6,16,13,18,17,15,22,21,24,20,19,26,25,28,33,23,38,52
477,2012-11-26,1,3,2,4,5,6,7,12,10,8,13,11,9,16,14,19,17,15,22,21,24,20,18,26,25,28,33,23,38,52
478,2012-12-03,1,3,2,4,5,6,9,12,10,7,13,11,8,16,14,19,17,15,22,21,24,20,18,26,25,28,33,23,38,52
479,2012-12-10,1,3,2,4,5,6,9,12,10,7,13,11,8,16,14,19,17,15,22,21,24,20,18,26,25,28,33,23,38,52
480,2012-12-17,1,3,2,4,5,6,9,12,10,7,13,11,8,16,14,19,17,15,23,22,24,20,18,26,25,28,33,21,38,52
481,2012-12-24,1,3,2,4,5,6,9,12,10,7,13,11,8,16,14,19,17,15,23,22,24,20,18,26,25,28,33,21,38,52
482,2012-12-31,1,3,2,4,5,6,9,12,10,7,13,11,8,16,14,19,17,15,23,22,24,20,18,26,25,28,33,21,38,52
483,2013-01-07,1,3,2,4,5,6,9,12,10,7,13,11,8,16,14,19,17,15,23,22,24,20,18,26,25,28,33,21,38,52
484,2013-01-14,1,3,2,4,5,6,9,12,10,7,13,11,8,16,14,19,17,15,23,22,24,20,18,26,25,28,33,21,38,52
485,2013-01-21,1,3,2,4,5,6,9,12,10,7,13,11,8,16,14,19,17,15,23,22,24,20,18,26,25,28,33,21,38,52
486,2013-01-28,1,3,2,4,5,6,9,12,10,7,13,11,8,16,14,19,17,15,23,22,24,20,18,26,25,28,33,21,38,52
487,2013-02-04,1,3,2,5,4,6,10,12,9,7,13,11,8,16,14,18,17,15,22,23,24,19,20,26,25,28,33,21,38,52
488,2013-02-11,1,3,2,5,4,6,7,10,11,8,13,12,9,16,14,18,17,15,22,23,24,20,19,26,25,28,33,21,38,52
489,2013-02-18,1,3,2,5,4,6,7,10,11,8,13,12,9,16,14,18,17,15,22,23,24,20,19,26,25,28,33,21,38,52
490,2013-02-25,1,3,2,5,4,7,6,10,12,8,13,11,9,16,14,18,17,15,22,21,24,20,19,26,25,28,33,23,38,52
491,2013-03-04,1,3,2,5,4,7,6,10,12,8,13,11,9,16,14,18,17,15,22,21,24,20,19,26,25,28,33,23,38,52
492,2013-03-11,1,3,2,6,4,7,5,10,12,8,13,11,9,16,14,18,17,15,21,23,22,19,20,26,25,28,33,24,38,52
493,2013-03-18,1,3,2,6,4,9,5,10,12,7,13,11,8,16,14,18,17,15,21,22,23,19,20,26,25,28,33,24,39,51
494,2013-03-25,1,3,2,6,4,9,5,10,12,7,13,11,8,16,14,18,17,15,21,22,23,19,20,26,25,28,33,24,39,51
495,2013-04-01,1,3,2,6,4,9,5,10,12,7,13,11,8,16,14,18,17,15,21,22,23,19,20,25,26,28,33,24,38,51
496,2013-04-08,1,3,2,6,4,9,5,10,12,7,13,11,8,16,14,18,17,15,21,22,23,19,20,25,26,29,33,24,39,46
497,2013-04-15,1,3,2,6,4,9,5,10,12,7,13,11,8,16,14,18,17,15,21,22,23,19,20,27,25,29,33,24,36,40
498,2013-04-22,1,3,2,6,4,9,5,10,12,7,13,11,8,16,14,18,17,15,21,22,23,19,20,27,25,29,33,24,34,40
499,2013-04-29,1,3,2,6,4,9,5,10,12,7,13,11,8,16,14,18,17,15,21,22,23,19,20,27,25,29,33,24,34,40
500,2013-05-06,1,3,2,6,4,9,5,10,12,7,13,11,8,16,14,18,17,15,21,22,23,19,20,27,25,29,33,24,34,40
501,2013-05-13,1,3,2,6,4,9,5,10,12,7,13,11,8,16,14,18,17,15,21,22,23,19,20,27,25,29,33,24,34,40
502,2013-05-20,1,3,2,6,4,9,5,10,12,7,13,11,8,16,14,18,17,15,21,22,23,19,20,27,26,29,33,25,34,40
503,2013-05-27,1,3,2,6,4,9,5,10,12,7,14,11,8,16,13,18,17,15,21,22,23,19,20,27,26,29,33,25,34,40
504,2013-06-03,1,3,2,6,4,9,5,10,12,7,13,11,8,16,14,18,17,15,21,22,23,19,20,28,26,29,34,25,35,40
505,2013-06-10,1,3,2,6,4,8,5,11,10,7,14,12,9,17,13,18,16,15,21,22,23,19,20,28,26,29,34,25,35,40
506,2013-06-17,1,3,2,5,4,8,6,11,12,7,14,10,9,17,13,18,16,15,21,22,23,19,20,28,26,29,34,25,35,41
507,2013-06-24,1,3,2,5,4,8,6,9,12,7,13,11,10,18,15,17,16,14,21,22,23,19,20,28,26,29,34,25,35,40
508,2013-07-01,1,3,2,5,4,8,6,9,12,7,13,11,10,18,15,17,16,14,21,22,23,19,20,28,26,29,33,25,34,41
509,2013-07-08,1,3,2,5,4,8,6,9,12,7,13,11,10,18,15,17,16,14,21,22,23,19,20,28,26,29,33,25,34,41
510,2013-07-15,1,3,2,5,4,8,6,9,12,7,13,11,10,18,15,17,16,14,21,22,23,19,20,28,26,29,34,25,35,41
511,2013-07-22,1,3,2,5,4,8,6,9,12,7,13,11,10,18,15,17,16,14,21,22,23,19,20,28,26,29,34,25,35,41
512,2013-07-29,1,3,2,5,4,8,6,9,12,7,13,11,10,18,15,17,16,14,21,22,23,19,20,28,26,29,34,25,35,41
513,2013-08-05,1,3,2,5,4,8,6,9,12,7,13,11,10,18,15,17,16,14,21,22,23,19,20,28,26,29,34,25,35,41
514,2013-08-12,1,3,2,5,4,8,6,9,12,7,13,11,10,18,15,17,16,14,21,22,23,19,20,28,26,29,34,25,35,41
515,2013-08-19,1,4,2,5,3,8,6,9,12,7,13,11,10,18,14,17,16,15,21,22,23,19,20,28,26,29,34,25,35,41
516,2013-08-26,1,4,2,5,3,8,6,9,12,7,13,11,10,18,14,17,16,15,21,22,23,19,20,28,26,29,34,25,35,41
517,2013-09-02,1,4,2,5,3,8,6,9,12,7,13,11,10,18,14,17,16,15,21,22,23,19,20,28,26,29,34,25,35,41
518,2013-09-09,1,4,2,5,3,8,6,9,12,7,13,11,10,18,14,17,16,15,21,22,23,19,20,28,26,29,34,25,35,41
519,2013-09-16,1,4,2,5,3,8,6,9,12,7,13,11,10,18,14,17,16,15,21,22,23,19,20,28,26,29,34,25,35,41
520,2013-09-23,1,4,2,5,3,8,6,9,12,7,13,11,10,18,14,17,16,15,21,22,23,19,20,28,26,29,34,25,35,41
521,2013-09-30,1,4,2,5,3,8,6,9,12,7,13,11,10,18,14,17,16,15,21,22,23,19,20,28,26,29,34,25,35,41
522,2013-10-07,1,4,2,5,3,8,6,9,12,7,13,11,10,18,14,17,16,15,21,22,23,19,20,28,26,29,34,25,35,41
523,2013-10-14,1,4,2,5,3,8,6,9,12,7,13,11,10,18,14,17,16,15,21,22,23,19,20,28,26,29,34,25,35,41
524,2013-10-21,1,4,2,5,3,8,6,9,12,7,13,11,10,18,14,17,16,15,21,22,23,19,20,28,26,29,33,25,34,41
525,2013-10-28,1,4,2,5,3,8,6,9,12,7,13,11,10,18,14,17,16,15,21,22,23,19,20,28,26,29,34,25,31,41
526,2013-11-04,1,4,2,5,3,8,6,9,12,7,13,11,10,18,14,17,16,15,21,22,23,19,20,30,26,28,34,25,31,39
527,2013-11-11,1,4,2,5,3,6,7,9,11,8,12,13,10,18,15,17,16,14,21,22,23,19,20,32,27,28,34,25,30,39
528,2013-11-18,1,4,2,5,3,7,6,9,11,8,13,12,10,18,15,16,17,14,21,22,23,19,20,32,27,29,36,25,31,39
529,2013-11-25,1,3,2,6,4,7,5,9,13,8,11,12,10,17,15,18,16,14,19,22,23,21,20,32,27,29,36,25,31,39
530,2013-12-02,1,3,2,5,4,7,6,9,13,8,11,12,10,17,15,18,16,14,19,22,23,21,20,32,27,29,36,25,31,39
531,2013-12-09,1,3,2,5,4,7,6,9,13,8,11,12,10,17,15,18,16,14,19,22,23,21,20,32,27,29,36,25,31,39
532,2013-12-16,1,3,2,5,4,7,6,9,13,8,11,12,10,17,15,18,16,14,19,22,23,21,20,32,27,29,36,25,31,39
533,2013-12-23,1,3,2,5,4,7,6,9,13,8,11,12,10,17,15,18,16,14,19,22,23,21,20,32,28,25,36,27,31,39
534,2013-12-30,1,3,2,5,4,7,6,9,13,8,11,12,10,17,15,18,16,14,19,22,23,21,20,32,28,25,36,27,31,39
535,2014-01-06,1,3,2,5,4,7,6,9,13,8,11,12,10,17,15,18,16,14,19,22,23,21,20,32,28,25,36,27,31,39
536,2014-01-13,1,3,2,5,4,7,6,9,13,8,11,12,10,17,15,18,16,14,19,22,23,21,20,32,28,25,36,27,31,39
537,2014-01-20,1,3,2,5,4,7,6,9,13,8,11,12,10,17,15,18,16,14,19,22,23,21,20,32,28,25,36,27,31,39
538,2014-01-27,1,3,2,5,4,7,6,9,13,8,11,12,10,17,15,18,16,14,19,22,23,21,20,32,28,25,36,27,31,39
539,2014-02-03,1,3,2,5,4,7,6,10,13,8,11,12,9,17,15,18,16,14,20,21,23,19,22,32,28,25,36,27,31,39
540,2014-02-10,1,3,2,5,4,6,7,10,13,8,11,12,9,18,15,17,16,14,19,22,23,20,21,32,27,25,36,28,31,39
541,2014-02-17,1,3,2,5,4,6,7,10,13,8,11,12,9,18,15,17,16,14,19,22,23,20,21,32,27,25,36,28,31,39
542,2014-02-24,1,3,2,7,4,5,6,10,14,8,11,12,9,18,15,17,16,13,19,21,23,20,22,32,27,25,36,29,31,39
543,2014-03-03,1,3,2,7,4,5,6,10,14,8,11,12,9,18,15,17,16,13,19,21,23,20,22,32,27,25,36,29,31,39
544,2014-03-10,1,3,2,5,4,6,7,10,14,8,11,12,9,18,15,17,16,13,20,22,23,19,21,32,27,25,36,29,31,39
545,2014-03-17,1,3,2,7,4,5,6,10,14,8,11,12,9,18,15,17,16,13,20,24,22,19,21,32,27,25,36,30,31,39
546,2014-03-24,1,3,2,7,4,5,6,10,14,8,11,12,9,18,15,17,16,13,20,24,22,19,21,32,27,25,36,30,31,39
547,2014-03-31,1,3,2,7,4,5,6,10,14,8,11,12,9,18,15,17,16,13,20,24,22,19,21,32,27,25,36,30,31,39
548,2014-04-07,1,3,2,7,4,5,6,10,14,8,11,12,9,18,15,17,16,13,20,24,22,19,21,33,28,25,36,31,29,39
549,2014-04-14,1,3,2,7,4,5,6,10,14,8,11,12,9,18,15,17,16,13,20,24,22,19,21,33,28,26,36,31,29,42
550,2014-04-21,1,3,2,7,4,5,6,10,14,8,11,12,9,18,15,17,16,13,20,24,22,19,21,33,28,26,36,31,29,42
551,2014-04-28,1,3,2,7,4,5,6,10,14,8,11,12,9,18,15,17,16,13,20,24,22,19,21,37,27,26,33,31,28,47
552,2014-05-05,1,3,2,7,4,5,6,10,14,8,11,12,9,18,15,17,16,13,20,24,22,19,21,37,27,25,33,31,28,47
553,2014-05-12,1,3,2,7,4,5,6,10,14,8,11,12,9,18,15,17,16,13,20,25,22,19,21,36,27,23,37,30,31,47
554,2014-05-19,1,3,2,7,4,5,6,10,14,8,11,12,9,18,15,17,16,13,20,25,22,19,21,36,27,23,37,30,31,46
555,2014-05-26,1,3,2,7,4,5,6,10,14,8,11,12,9,18,15,17,16,13,20,24,22,19,21,36,27,23,37,30,31,46
556,2014-06-02,1,3,2,7,4,5,6,10,14,9,12,13,8,18,15,17,16,11,20,24,22,19,21,36,27,23,37,30,31,46
557,2014-06-09,1,3,2,7,4,5,6,8,14,11,12,13,9,18,16,17,15,10,20,24,22,19,21,36,27,23,37,30,31,46
558,2014-06-16,1,3,2,7,4,5,6,8,14,11,10,13,12,18,16,17,15,9,20,24,22,19,21,36,27,23,37,30,31,46
559,2014-06-23,1,3,2,7,4,5,6,8,14,9,11,13,12,18,17,16,15,10,19,24,22,20,21,36,27,23,37,30,31,46
560,2014-06-30,1,3,2,7,4,5,6,8,14,9,11,13,12,18,17,16,15,10,19,23,26,20,21,35,28,22,36,30,32,46
561,2014-07-07,1,3,2,7,4,5,6,8,14,9,11,13,12,18,17,16,15,10,19,24,23,20,21,35,28,22,36,30,31,46
562,2014-07-14,1,3,2,7,4,5,6,8,14,9,11,13,12,18,17,16,15,10,19,24,23,20,21,35,28,22,36,30,31,46
563,2014-07-21,1,3,2,7,4,5,6,8,14,9,11,13,12,18,17,16,15,10,19,24,23,20,21,35,28,22,36,30,31,46
564,2014-07-28,1,3,2,7,4,5,6,8,14,9,11,13,12,18,17,16,15,10,19,24,23,20,21,35,28,22,36,30,31,46
565,2014-08-04,1,3,2,7,4,5,6,8,14,9,11,13,12,18,17,16,15,10,19,24,22,20,21,35,28,23,36,30,31,46
566,2014-08-11,1,3,2,7,4,5,6,8,14,9,11,13,12,18,17,16,15,10,19,24,22,20,21,35,28,23,36,30,31,46
567,2014-08-18,1,3,2,7,4,5,6,8,14,9,11,13,12,18,17,16,15,10,19,24,22,20,21,35,28,23,36,30,31,46
568,2014-08-25,1,3,2,7,4,5,6,8,14,9,11,13,12,18,17,16,15,10,19,24,22,20,21,35,28,23,36,30,31,46
569,2014-09-01,1,3,2,7,4,5,6,8,14,9,11,13,12,18,17,16,15,10,19,24,22,20,21,35,28,23,36,30,31,46
570,2014-09-08,1,3,2,7,4,5,6,8,14,9,11,13,12,18,17,16,15,10,19,24,22,20,21,34,28,23,36,30,31,46
571,2014-09-15,1,3,2,7,4,5,6,8,14,9,11,13,12,18,17,16,15,10,19,24,22,20,21,34,28,23,36,30,31,46
572,2014-09-22,1,3,2,7,4,5,6,8,14,9,11,13,12,18,17,16,15,10,19,24,22,20,21,34,28,23,36,30,31,46
573,2014-09-29,1,3,2,7,4,5,6,8,14,9,11,13,12,18,17,16,15,10,20,24,22,19,21,34,28,23,36,30,31,46
574,2014-10-06,1,4,2,7,3,5,6,8,14,9,12,13,10,18,17,16,15,11,20,24,22,19,21,34,28,23,36,30,31,46
575,2014-10-13,1,4,2,7,3,5,6,8,14,9,12,13,10,18,17,16,15,11,19,24,22,20,21,34,28,23,36,30,31,46
576,2014-10-20,1,4,2,7,3,5,6,8,14,9,12,13,10,18,17,16,15,11,19,24,22,20,21,34,28,23,36,30,33,46
577,2014-10-27,1,4,2,7,3,5,6,8,14,9,12,13,10,18,17,16,15,11,19,24,22,20,21,34,28,23,36,30,33,42
578,2014-11-03,1,4,2,7,3,5,6,8,14,9,12,13,10,18,17,16,15,11,19,24,22,20,21,34,28,23,37,30,33,46
579,2014-11-10,1,3,2,6,4,5,7,8,14,11,12,13,10,16,17,18,15,9,20,23,22,19,21,34,29,25,37,30,33,46
580,2014-11-17,1,4,2,6,5,3,7,8,14,11,13,12,9,17,16,18,15,10,20,23,22,19,21,34,29,26,37,30,33,46
581,2014-11-24,1,5,2,7,4,3,6,8,14,10,12,13,9,16,18,17,15,11,20,22,23,19,21,34,29,26,37,30,33,46
582,2014-12-01,1,5,2,7,4,3,6,8,14,10,12,13,9,16,18,17,15,11,20,22,23,19,21,34,29,26,35,30,33,46
583,2014-12-08,1,5,2,7,4,3,6,8,14,10,12,13,9,16,18,17,15,11,20,22,23,19,21,34,29,26,35,30,33,46
584,2014-12-15,1,5,2,7,4,3,6,8,14,10,12,13,9,16,18,17,15,11,20,22,23,19,21,34,29,26,35,30,33,46
585,2014-12-22,1,5,2,7,4,3,6,8,14,10,12,13,9,16,18,17,15,11,20,22,23,19,21,34,29,26,35,30,33,46
586,2014-12-29,1,5,2,7,4,3,6,8,14,10,12,13,9,16,18,17,15,11,20,22,23,19,21,34,29,26,35,30,33,46
587,2015-01-05,1,5,2,7,4,3,6,8,14,10,12,13,9,16,18,17,15,11,20,22,23,19,21,34,29,26,35,30,33,46
588,2015-01-12,1,5,2,7,4,3,6,8,14,10,12,13,9,16,18,17,15,11,20,22,23,19,21,34,29,26,35,30,33,46
589,2015-01-19,1,5,2,7,4,3,6,8,14,10,12,13,9,16,18,17,15,11,20,22,23,19,21,34,29,26,35,30,33,46
590,2015-01-26,1,5,2,7,4,3,6,8,14,10,12,13,9,16,18,17,15,11,20,22,23,19,21,34,29,26,35,30,33,46
591,2015-02-02,1,5,2,7,4,3,6,8,14,10,12,13,9,16,18,17,15,11,20,22,23,19,21,34,29,26,35,30,33,46
592,2015-02-09,1,5,2,7,3,4,6,9,14,10,12,13,8,17,18,16,15,11,19,23,22,20,21,34,29,26,35,30,33,46
593,2015-02-16,1,5,2,7,3,4,6,9,14,10,12,13,8,17,18,16,15,11,20,23,22,19,21,34,29,25,35,30,33,46
594,2015-02-23,1,5,2,7,3,4,6,9,14,10,12,13,8,17,18,16,15,11,20,23,22,19,21,33,30,25,34,27,36,46
595,2015-03-02,1,5,2,7,4,3,6,10,14,9,12,13,8,16,17,18,15,11,20,22,23,19,21,34,29,25,35,27,33,46
596,2015-03-09,1,5,2,7,4,3,6,10,14,9,12,13,8,16,17,18,15,11,20,22,23,19,21,34,29,25,35,27,33,46
597,2015-03-16,1,6,2,7,4,3,5,10,14,9,12,13,8,16,17,18,15,11,20,23,22,19,21,34,29,26,35,25,33,45
598,2015-03-23,1,6,2,7,4,3,5,11,15,9,12,13,8,16,17,18,14,10,20,23,22,19,21,34,29,26,35,25,33,45
599,2015-03-30,1,6,2,7,4,3,5,11,15,9,12,13,8,16,17,18,14,10,20,23,22,19,21,34,29,26,35,25,33,45
600,2015-04-06,1,6,2,7,4,3,5,11,15,9,12,13,8,16,17,18,14,10,20,23,22,19,21,34,29,26,35,25,33,45
601,2015-04-13,1,6,2,7,4,3,5,11,15,9,12,13,8,16,17,18,14,10,20,23,22,19,21,35,29,26,36,25,33,45
602,2015-04-20,1,6,2,7,4,3,5,11,15,9,12,13,8,16,17,18,14,10,20,23,22,19,21,37,29,26,35,25,33,43
603,2015-04-27,1,6,2,7,4,3,5,11,15,9,12,13,8,16,17,18,14,10,20,24,23,19,21,35,27,28,37,25,33,40
604,2015-05-04,1,6,2,7,4,3,5,11,15,9,12,13,8,16,17,18,14,10,20,24,23,19,21,35,27,28,37,25,33,39
605,2015-05-11,1,6,2,7,4,3,5,11,15,9,12,13,8,16,17,18,14,10,21,24,23,19,20,37,25,28,41,26,33,40
606,2015-05-18,1,6,2,7,4,3,5,11,15,9,12,13,8,16,17,18,14,10,21,23,22,19,20,37,24,26,41,27,33,40
607,2015-05-25,1,6,2,7,4,3,5,10,15,9,11,12,8,16,17,18,14,13,21,24,22,19,20,37,25,23,41,27,33,40
608,2015-06-01,1,6,2,7,4,3,5,10,15,9,11,12,8,16,17,18,14,13,21,28,22,19,20,37,24,23,41,26,33,40
609,2015-06-08,1,6,2,7,4,3,5,10,15,9,11,12,8,16,17,18,14,13,21,28,22,19,20,37,24,23,41,26,33,39
610,2015-06-15,1,6,2,7,4,3,5,10,15,9,11,12,8,16,17,18,14,13,21,28,22,19,20,37,24,23,41,27,33,39
611,2015-06-22,1,6,2,7,4,3,5,10,15,9,11,12,8,16,17,18,14,13,21,28,22,19,20,37,24,23,41,27,33,39
612,2015-06-29,1,6,2,7,4,3,5,10,15,9,11,12,8,16,17,18,14,13,21,28,22,19,20,36,24,23,39,27,33,38
613,2015-07-06,1,6,2,7,4,3,5,10,15,9,11,12,8,16,17,18,14,13,21,28,22,19,20,36,24,23,39,27,33,38
614,2015-07-13,1,6,2,7,4,3,5,10,15,9,11,12,8,16,17,18,14,13,21,28,22,20,19,36,24,23,39,27,33,38
615,2015-07-20,1,5,2,7,4,3,6,11,15,9,10,13,8,16,17,18,14,12,19,29,21,22,20,36,24,23,39,27,33,38
616,2015-07-27,1,5,2,7,4,3,6,11,15,9,10,12,8,16,18,17,14,13,19,29,21,22,20,36,24,23,39,27,33,38
617,2015-08-03,1,5,2,7,4,3,6,11,15,9,10,12,8,16,18,17,13,14,19,29,21,22,20,36,24,23,39,27,33,38
618,2015-08-10,1,3,5,7,4,2,6,12,14,10,9,11,8,16,18,17,13,15,19,29,20,22,21,36,24,23,39,27,33,38
619,2015-08-17,1,3,5,7,4,2,6,12,14,10,9,11,8,16,18,17,13,15,20,29,19,22,21,36,24,23,39,26,33,38
620,2015-08-24,1,3,4,7,5,2,6,10,15,11,9,12,8,16,18,17,13,14,20,29,19,22,21,36,24,23,39,26,33,38
621,2015-08-31,1,2,4,7,6,3,5,10,15,11,9,12,8,16,18,17,13,14,20,29,19,22,21,36,24,23,39,26,33,38
622,2015-09-07,1,2,3,7,4,6,5,10,14,12,9,11,8,15,18,17,16,13,20,29,19,22,21,36,24,23,39,26,33,38
623,2015-09-14,1,2,3,7,4,6,5,10,14,12,9,11,8,15,18,17,16,13,20,29,19,22,21,34,24,23,39,26,33,38
624,2015-09-21,1,2,6,7,3,5,4,12,15,10,9,14,8,16,18,17,13,11,20,29,19,22,21,34,24,23,39,26,33,38
625,2015-09-28,1,3,5,7,6,4,2,9,14,11,10,13,8,16,18,17,15,12,20,29,19,22,21,34,24,23,39,26,33,38
626,2015-10-05,1,2,4,6,8,5,3,9,13,15,10,12,7,16,18,17,14,11,20,29,19,22,21,34,24,23,39,26,33,38
627,2015-10-12,1,2,5,7,8,3,4,9,12,15,11,13,6,16,18,17,14,10,20,29,19,22,21,34,24,23,39,28,33,38
628,2015-10-19,1,2,3,7,8,6,5,9,12,15,11,13,4,16,18,17,14,10,20,29,19,22,21,35,24,23,39,28,33,38
629,2015-10-26,1,2,3,7,8,6,5,9,12,15,11,13,4,16,18,17,14,10,20,29,19,22,21,35,24,23,39,28,33,34
630,2015-11-02,1,2,3,7,8,6,4,9,12,15,11,13,5,16,18,17,14,10,20,29,19,22,21,35,24,23,39,28,33,34
631,2015-11-09,1,2,3,7,8,6,4,9,12,15,11,13,5,16,18,17,14,10,20,29,19,22,21,35,24,23,39,28,33,34
632,2015-11-16,1,2,3,7,8,6,4,9,12,15,11,13,5,16,18,17,14,10,20,30,19,22,21,34,24,23,39,27,33,35
633,2015-11-23,1,2,3,7,8,6,4,9,12,15,11,13,5,16,19,17,14,10,22,26,21,18,20,34,24,23,39,28,33,35
634,2015-11-30,1,2,3,7,8,6,4,9,12,15,11,13,5,16,19,17,14,10,22,26,21,18,20,34,24,23,42,29,33,35
635,2015-12-07,1,2,3,7,8,6,4,9,12,15,11,13,5,16,19,17,14,10,22,27,21,18,20,34,24,23,45,29,33,35
636,2015-12-14,1,2,3,7,8,6,4,9,12,15,11,13,5,16,19,17,14,10,22,27,21,18,20,34,24,23,42,29,33,35
637,2015-12-21,1,2,3,7,8,6,4,9,12,15,11,13,5,16,19,17,14,10,22,27,21,18,20,34,24,23,42,29,33,35
638,2015-12-28,1,2,3,7,8,6,4,9,12,15,11,13,5,16,19,17,14,10,22,27,21,18,20,34,24,23,42,29,33,35
639,2016-01-04,1,2,3,7,8,6,4,9,12,15,11,13,5,16,19,17,14,10,22,27,21,18,20,34,24,23,42,29,33,35
640,2016-01-11,1,2,3,7,8,6,4,9,12,15,11,13,5,16,19,17,14,10,22,27,21,18,20,34,24,23,42,29,33,35
641,2016-01-18,1,2,3,7,8,6,4,9,12,15,11,13,5,16,19,17,14,10,22,27,21,18,20,34,24,23,42,29,33,35
642,2016-01-25,1,2,3,7,8,6,4,9,12,15,11,13,5,16,19,17,14,10,22,27,21,18,20,34,24,23,42,29,33,35
643,2016-02-01,1,2,3,7,8,6,4,9,12,15,11,13,5,16,19,17,14,10,22,27,21,18,20,34,24,23,42,29,33,35
644,2016-02-08,1,2,3,8,7,6,4,11,12,15,10,13,5,16,19,17,14,9,22,27,20,18,21,34,24,23,42,29,33,35
645,2016-02-15,1,2,3,7,6,8,4,11,12,15,10,13,5,16,19,17,14,9,21,27,20,18,22,34,24,23,42,29,33,35
646,2016-02-22,1,2,3,7,6,8,4,11,12,15,10,13,5,16,19,17,14,9,21,27,20,18,22,33,24,23,42,28,34,35
647,2016-02-29,1,2,3,7,6,8,4,9,14,15,11,12,5,17,19,16,13,10,20,30,21,18,22,33,27,24,38,26,34,35
648,2016-03-07,1,2,3,7,6,8,4,9,14,15,11,12,5,17,18,16,13,10,20,29,21,19,22,33,30,24,38,26,34,35
649,2016-03-14,1,2,3,8,5,7,4,9,14,15,11,13,6,17,18,16,12,10,19,30,21,20,22,33,29,24,38,25,34,35
650,2016-03-21,1,2,3,8,4,7,5,9,14,15,11,13,6,17,18,16,12,10,20,30,21,19,22,33,29,25,38,23,35,34
651,2016-03-28,1,2,3,8,4,7,5,9,14,15,11,13,6,17,18,16,12,10,20,30,21,19,22,33,29,25,38,23,35,34
652,2016-04-04,1,2,3,8,4,7,5,9,14,15,11,13,6,17,18,16,12,10,20,30,21,19,22,34,29,25,38,23,36,35
653,2016-04-11,1,2,3,8,4,7,5,9,14,15,11,13,6,17,18,16,12,10,20,30,21,19,22,35,29,25,38,23,36,34
654,2016-04-18,1,2,3,8,4,7,5,9,14,15,11,13,6,17,18,16,12,10,20,30,21,19,22,35,29,25,38,23,36,33
655,2016-04-25,1,2,3,8,4,7,5,9,14,15,11,13,6,17,18,16,12,10,20,30,21,19,22,35,29,25,37,23,36,33
656,2016-05-02,1,2,3,8,4,7,5,9,14,15,11,13,6,17,18,16,12,10,20,30,21,19,22,38,29,25,36,23,34,33
657,2016-05-09,1,2,3,8,4,7,5,9,14,15,11,13,6,17,18,16,12,10,20,30,21,19,22,38,29,25,35,23,36,33
658,2016-05-16,1,2,3,8,4,7,5,9,14,15,11,13,6,17,18,16,12,10,20,30,21,19,22,37,29,23,35,24,36,32
659,2016-05-23,1,2,3,8,4,7,5,9,14,15,11,13,6,17,18,16,12,10,20,30,21,19,22,37,29,23,35,24,36,32
660,2016-05-30,1,2,3,8,4,7,6,9,14,15,11,13,5,17,18,16,12,10,20,30,21,19,22,37,29,23,35,24,36,32
661,2016-06-06,1,2,3,8,4,7,6,9,14,15,11,13,5,17,18,16,12,10,20,30,21,19,22,37,28,23,35,24,36,32
662,2016-06-13,1,2,4,8,3,7,6,9,14,15,11,13,5,17,18,16,12,10,20,30,21,19,22,37,28,23,35,24,36,32
663,2016-06-20,1,4,3,9,2,7,6,8,13,15,10,14,5,18,17,16,12,11,19,30,21,20,23,37,28,22,36,24,35,32
664,2016-06-27,1,4,3,7,2,6,5,8,13,14,10,15,9,17,18,16,11,12,19,30,20,21,23,37,28,22,36,24,35,32
665,2016-07-04,1,4,3,7,2,6,5,8,13,14,10,15,9,17,18,16,11,12,19,30,20,21,23,37,28,22,36,24,35,32
666,2016-07-11,1,4,3,7,2,6,5,8,13,14,10,15,9,17,18,16,11,12,19,30,20,21,23,37,28,22,36,25,35,31
667,2016-07-18,1,4,3,7,2,6,5,8,13,14,10,15,9,17,18,16,11,12,19,30,20,21,23,37,28,22,36,25,35,31
668,2016-07-25,1,4,3,7,2,6,5,8,13,14,10,15,9,17,18,16,11,12,19,30,20,21,23,36,28,22,35,25,34,31
669,2016-08-01,1,4,3,7,2,6,5,8,13,14,10,15,9,17,18,16,11,12,19,30,20,21,23,36,28,22,35,25,34,31
670,2016-08-08,1,4,3,7,2,6,5,8,13,14,10,15,9,17,18,16,11,12,19,30,20,21,23,36,28,22,35,25,34,31
671,2016-08-15,1,4,3,7,2,6,5,8,13,14,10,15,9,17,18,16,11,12,19,30,20,21,23,36,28,22,35,25,34,31
672,2016-08-22,1,4,3,7,2,6,5,8,13,14,10,15,9,17,18,16,11,12,19,30,20,21,23,36,28,22,35,25,34,31
673,2016-08-29,1,4,3,8,2,6,5,9,13,14,10,15,7,17,18,16,11,12,19,30,20,21,23,36,28,25,35,24,34,31
674,2016-09-05,1,4,3,8,2,6,5,9,13,14,10,15,7,17,18,16,11,12,19,30,20,21,23,36,28,25,35,24,34,31
675,2016-09-12,1,3,4,8,2,6,5,9,13,14,10,15,7,17,18,16,11,12,19,30,20,21,23,36,28,25,35,24,34,31
676,2016-09-19,1,3,4,8,2,6,5,9,13,14,10,15,7,17,18,16,11,12,19,30,20,21,23,36,28,25,35,24,34,31
677,2016-09-26,1,3,4,8,2,6,5,9,13,14,10,15,7,17,18,16,11,12,19,30,20,21,23,34,27,25,36,24,35,31
678,2016-10-03,1,4,3,8,2,6,5,9,13,14,10,15,7,17,18,16,11,12,19,30,20,21,23,34,27,25,36,24,35,31
679,2016-10-10,1,3,4,7,2,6,5,8,13,14,10,15,9,17,18,16,11,12,19,30,20,21,23,34,27,25,36,24,35,31
680,2016-10-17,1,3,4,7,2,6,5,8,13,14,10,15,9,17,18,16,11,12,19,30,20,21,23,34,27,25,36,24,35,31
681,2016-10-24,1,3,4,7,2,6,5,8,13,14,10,15,9,17,18,16,11,12,19,30,20,21,23,34,27,25,36,24,35,31
682,2016-10-31,1,3,4,7,2,6,5,8,13,14,10,15,9,17,18,16,11,12,19,30,20,21,23,34,27,25,36,24,35,31
683,2016-11-07,1,3,4,8,2,5,7,9,13,14,10,15,6,17,18,16,11,12,19,29,20,21,23,35,27,25,36,24,30,31
684,2016-11-14,1,3,4,7,2,5,6,9,13,14,10,15,8,17,18,16,12,11,20,28,19,21,24,34,27,25,36,26,29,33
685,2016-11-21,1,3,5,8,2,4,6,7,13,14,10,15,9,17,18,16,12,11,21,26,20,19,22,33,30,27,36,25,29,35
686,2016-11-28,1,3,6,8,2,4,5,7,13,15,10,14,9,17,18,16,12,11,21,26,20,19,22,32,30,27,36,25,29,33
687,2016-12-05,1,3,6,8,2,4,5,7,13,15,10,14,9,17,18,16,12,11,21,25,20,19,22,32,30,27,36,26,29,33
688,2016-12-12,1,3,6,8,2,4,5,7,13,15,10,14,9,17,18,16,12,11,21,25,20,19,22,32,30,27,36,26,29,33
689,2016-12-19,1,3,6,8,2,4,5,7,13,15,10,14,9,17,18,16,12,11,21,25,20,19,22,32,30,27,36,26,29,33
690,2016-12-26,1,3,6,8,2,4,5,7,13,15,10,14,9,17,18,16,12,11,21,25,20,19,22,32,30,27,36,26,29,33
691,2017-01-02,1,3,6,8,2,4,5,7,13,15,10,14,9,17,18,16,12,11,21,25,20,19,22,32,30,27,36,26,29,33
692,2017-01-09,1,3,6,8,2,4,5,7,13,15,10,14,9,17,18,16,12,11,21,25,20,19,22,32,30,27,36,26,29,33
693,2017-01-16,1,3,6,8,2,4,5,7,13,15,10,14,9,17,18,16,12,11,21,25,20,19,22,32,30,27,36,26,29,33
694,2017-01-23,1,3,6,8,2,4,5,7,13,15,10,14,9,17,18,16,12,11,21,25,20,19,22,32,30,27,36,26,29,33
695,2017-01-30,1,3,6,8,2,4,5,7,13,15,10,14,9,17,18,16,12,11,21,25,20,19,22,32,30,27,36,26,29,33
696,2017-02-06,1,3,6,8,2,4,5,7,13,15,10,14,9,17,18,16,12,11,21,25,20,19,22,32,30,27,33,26,29,34
697,2017-02-13,1,3,6,7,2,4,5,8,14,15,10,13,9,17,18,16,12,11,23,25,19,20,21,32,30,27,33,26,29,34
698,2017-02-20,1,3,6,7,2,4,5,8,14,15,10,13,9,17,20,16,12,11,23,25,19,18,21,34,30,26,32,27,29,33
699,2017-02-27,1,3,6,8,2,4,7,5,14,15,10,13,9,17,21,16,12,11,20,25,19,18,22,34,30,26,32,27,29,33
700,2017-03-06,1,3,6,8,2,4,7,5,14,15,10,13,9,17,23,16,12,11,20,25,18,19,21,34,29,26,30,27,31,33
701,2017-03-13,1,3,7,8,2,4,6,5,15,14,10,13,9,17,22,16,12,11,21,25,19,20,18,34,29,26,30,27,31,32
702,2017-03-20,1,3,7,6,2,4,8,5,15,14,10,13,9,17,22,16,12,11,21,24,19,20,18,32,30,26,31,27,29,34
703,2017-03-27,1,3,7,6,2,4,8,5,15,14,10,13,9,17,22,16,12,11,21,24,19,20,18,32,30,26,31,27,29,34
704,2017-04-03,1,3,7,6,2,4,8,5,15,14,10,13,9,17,22,16,12,11,21,23,19,20,18,32,30,26,31,27,29,34
705,2017-04-10,1,3,7,6,2,4,8,5,15,14,10,13,9,17,22,16,12,11,21,23,19,20,18,29,30,26,31,27,32,34
706,2017-04-17,1,3,7,6,2,4,8,5,15,14,10,13,9,17,22,16,12,11,21,23,19,20,18,29,30,26,31,27,32,34
707,2017-04-24,1,3,7,6,2,4,8,5,15,14,10,13,9,17,22,16,12,11,21,23,19,20,18,34,29,26,31,27,32,30
708,2017-05-01,1,3,7,6,2,4,8,5,15,14,10,13,9,17,22,16,12,11,21,23,19,20,18,34,29,26,31,27,32,30
709,2017-05-08,1,3,7,6,2,4,8,5,15,14,10,13,9,17,22,16,12,11,21,23,19,20,18,34,29,26,31,27,32,30
710,2017-05-15,1,3,7,6,2,4,8,5,15,14,10,13,9,17,22,16,12,11,21,23,19,20,18,34,29,26,32,27,31,30
711,2017-05-22,1,3,7,6,2,4,8,5,15,14,10,13,9,17,22,16,12,11,21,24,19,20,18,34,29,27,33,26,31,30
712,2017-05-29,1,3,7,6,2,4,8,5,15,14,10,13,9,17,23,16,12,11,21,24,19,20,18,34,28,25,31,27,32,30
713,2017-06-05,1,3,7,6,2,4,8,5,15,14,10,13,9,17,23,16,12,11,21,25,19,20,18,34,28,24,30,27,32,29
714,2017-06-12,1,3,5,8,2,4,7,6,15,14,10,13,9,17,23,16,12,11,21,26,20,19,18,34,28,24,29,27,32,30
715,2017-06-19,1,4,6,8,2,3,7,5,15,14,10,13,9,17,23,16,12,11,18,26,21,20,19,34,28,24,29,27,32,30
716,2017-06-26,1,4,5,8,2,3,7,6,14,15,10,13,9,17,23,16,12,11,18,25,21,20,19,34,28,24,29,27,32,30
717,2017-07-03,1,4,5,8,2,3,7,6,14,15,10,13,9,17,23,16,12,11,18,25,21,20,19,34,28,24,29,27,32,30
718,2017-07-10,1,4,5,8,2,3,7,6,14,15,10,13,9,17,23,16,12,11,18,25,21,20,19,34,28,24,29,27,32,30
719,2017-07-17,1,4,5,8,2,3,7,6,14,16,10,13,9,17,23,15,12,11,18,25,21,20,19,34,28,24,29,27,32,30
720,2017-07-24,1,4,5,8,2,3,7,6,14,16,10,13,9,17,23,15,12,11,18,26,21,20,19,34,28,24,29,27,32,30
721,2017-07-31,1,4,5,8,2,3,7,6,14,16,10,13,9,17,23,15,12,11,18,26,21,20,19,34,28,24,29,27,32,30
722,2017-08-07,1,4,5,8,2,3,7,6,14,16,10,13,9,17,23,15,12,11,18,26,21,20,19,34,28,24,29,27,32,30
723,2017-08-14,1,4,5,8,2,3,7,6,14,16,10,13,9,17,23,15,12,11,18,26,21,20,19,34,28,24,29,27,32,30
724,2017-08-21,1,5,4,8,2,3,7,6,14,16,9,13,10,17,23,15,12,11,18,26,21,20,19,34,28,24,29,27,32,30
725,2017-08-28,1,5,3,8,2,4,7,6,14,16,9,13,10,17,24,15,12,11,18,25,21,20,19,34,28,22,29,26,32,30
726,2017-09-04,1,5,3,8,2,4,7,6,14,16,9,13,10,17,24,15,12,11,18,25,21,20,19,34,28,22,29,26,32,30
727,2017-09-11,1,5,3,8,2,4,7,6,14,16,9,13,10,17,24,15,12,11,18,25,21,20,19,34,28,22,29,26,32,30
728,2017-09-18,1,5,3,8,2,4,7,6,14,16,9,13,10,17,24,15,12,11,18,25,21,20,19,34,28,22,29,26,32,30
729,2017-09-25,1,5,3,8,2,4,7,6,14,16,9,13,10,17,24,15,12,11,18,25,21,20,19,34,28,22,29,26,32,30
730,2017-10-02,1,5,4,8,2,3,7,6,14,16,9,13,10,17,24,15,12,11,18,25,21,20,19,34,28,22,29,26,32,30
731,2017-10-09,1,3,5,8,2,4,7,6,14,16,9,13,10,17,24,15,12,11,18,25,21,20,19,34,28,22,29,26,32,30
732,2017-10-16,1,3,5,8,2,4,7,6,14,16,9,13,10,17,24,15,12,11,18,25,21,20,19,34,28,22,29,26,32,30
733,2017-10-23,1,3,5,8,2,4,7,6,14,16,9,13,10,17,24,15,12,11,18,25,21,20,19,34,28,22,29,26,32,30
734,2017-10-30,1,3,5,8,2,4,7,6,14,16,9,13,10,17,24,15,12,11,18,25,21,20,19,34,28,22,29,26,33,31
735,2017-11-06,1,3,5,8,2,4,7,6,14,16,9,13,10,17,24,15,12,11,18,25,21,20,19,34,28,22,29,26,33,31
736,2017-11-13,1,3,5,8,2,4,7,6,13,16,9,14,10,17,23,15,12,11,19,25,21,18,20,34,27,24,30,26,28,32
737,2017-11-20,1,3,5,8,2,4,7,6,13,16,10,15,9,17,21,14,12,11,18,25,22,19,20,34,28,23,27,29,26,33
738,2017-11-27,1,4,5,9,2,3,7,6,14,16,10,13,8,17,21,15,12,11,18,25,23,19,20,34,24,22,28,29,27,31
739,2017-12-04,1,4,6,9,2,3,7,5,14,16,10,13,8,17,21,15,12,11,18,25,23,19,20,34,24,22,28,29,27,31
740,2017-12-11,1,4,6,9,2,3,7,5,14,16,10,13,8,17,21,15,12,11,18,25,23,19,20,34,24,22,28,29,27,31
741,2017-12-18,1,4,6,9,2,3,7,5,14,16,10,13,8,17,21,15,12,11,18,25,23,19,20,34,24,22,28,29,27,31
742,2017-12-25,1,4,6,9,2,3,7,5,14,16,10,13,8,17,21,15,12,11,18,25,23,19,20,34,24,22,28,29,27,31
743,2018-01-01,1,4,6,9,2,3,7,5,14,16,10,13,8,17,21,15,12,11,18,25,23,19,20,34,24,22,28,29,27,31
744,2018-01-08,1,4,6,9,2,3,7,5,14,16,10,13,8,17,21,15,12,11,18,25,23,19,20,34,24,22,28,29,27,31
745,2018-01-15,1,4,6,9,2,3,7,5,14,16,10,13,8,17,21,15,12,11,18,25,23,19,20,34,24,22,28,29,27,31
746,2018-01-22,1,4,6,9,2,3,7,5,14,16,10,13,8,17,21,15,12,11,18,25,23,19,20,34,24,22,28,29,27,31
747,2018-01-29,1,4,6,9,2,3,7,5,14,16,10,13,8,17,21,15,12,11,18,25,23,19,20,34,24,22,28,29,27,31
748,2018-02-05,1,4,5,10,2,3,6,7,14,16,9,13,8,17,21,15,12,11,18,24,23,19,20,34,26,22,25,29,28,31
749,2018-02-12,1,4,5,10,2,3,6,7,14,16,9,13,8,18,21,15,12,11,17,24,23,20,19,34,26,22,25,28,29,31
750,2018-02-19,1,4,5,10,2,3,6,7,14,15,9,13,8,18,21,16,12,11,17,24,23,20,19,34,25,22,27,28,29,31
751,2018-02-26,1,4,6,10,2,3,7,5,14,15,9,13,8,18,21,16,12,11,17,24,23,20,19,34,26,22,27,28,29,31
752,2018-03-05,1,4,6,10,2,3,7,5,14,16,9,13,8,15,21,17,12,11,18,24,23,20,19,34,29,22,26,25,27,31
753,2018-03-12,1,4,5,8,3,2,7,6,14,16,10,13,9,15,21,17,12,11,18,23,24,20,19,34,29,22,26,25,27,33
754,2018-03-19,1,4,6,8,3,2,7,5,14,16,10,13,9,15,21,17,12,11,18,23,24,19,20,34,28,22,27,25,26,32
755,2018-03-26,1,4,6,8,3,2,7,5,14,16,10,13,9,15,21,17,12,11,18,23,24,19,20,36,28,22,27,25,26,32
756,2018-04-02,1,4,6,8,3,2,7,5,14,16,10,13,9,15,21,17,12,11,18,23,24,19,20,36,28,22,27,25,26,32
757,2018-04-09,1,4,6,8,3,2,7,5,14,16,10,13,9,15,21,17,12,11,18,23,24,19,20,36,28,22,27,25,26,32
758,2018-04-16,1,4,6,8,3,2,7,5,14,16,10,13,9,15,21,17,12,11,18,23,24,19,20,36,28,22,27,25,26,32
759,2018-04-23,1,4,6,8,3,2,7,5,14,16,10,13,9,15,21,17,12,11,18,23,24,19,20,36,28,22,27,25,26,33
760,2018-04-30,1,4,6,8,3,2,7,5,14,16,10,13,9,15,21,17,12,11,18,23,24,19,20,36,28,22,27,25,26,33
761,2018-05-07,1,4,6,8,3,2,7,5,14,16,10,13,9,15,21,17,12,11,18,23,24,19,20,36,31,22,26,25,27,33
762,2018-05-14,1,4,6,8,3,2,7,5,14,16,10,13,9,15,21,17,12,11,18,23,24,19,20,36,30,22,26,25,27,33
763,2018-05-21,1,4,6,8,3,2,7,5,14,16,10,13,9,15,21,17,12,11,18,23,24,19,20,36,29,22,26,25,27,33
764,2018-05-28,1,4,6,8,3,2,7,5,14,16,10,13,9,15,21,17,12,11,18,23,24,19,20,35,30,22,26,25,27,33
765,2018-06-04,1,4,7,8,3,2,5,6,14,16,10,13,9,15,21,17,12,11,18,23,24,19,20,35,30,22,26,25,27,33
766,2018-06-11,1,3,7,8,4,2,5,6,14,16,9,13,10,15,21,17,12,11,18,23,24,19,20,35,30,22,26,25,27,33
767,2018-06-18,1,4,5,8,6,2,3,7,13,16,9,14,10,15,22,17,12,11,18,24,23,19,20,35,30,21,26,25,27,33
768,2018-06-25,1,5,6,8,4,2,3,7,14,16,9,12,10,15,22,17,13,11,18,24,23,19,20,35,30,21,26,25,27,33
769,2018-07-02,1,5,6,8,4,2,3,7,14,16,9,12,10,15,22,17,13,11,18,24,23,19,20,35,30,21,26,25,27,33
770,2018-07-09,1,5,6,8,4,2,3,7,14,16,9,12,10,15,22,17,13,11,18,24,23,19,20,35,30,21,26,25,27,33
771,2018-07-16,1,5,6,8,4,2,3,7,14,16,9,12,10,15,22,17,13,11,18,24,23,19,20,35,30,21,26,25,27,33
772,2018-07-23,1,5,6,8,4,2,3,7,14,16,9,12,10,15,22,17,13,11,18,24,23,19,20,35,30,21,26,25,27,33
773,2018-07-30,1,5,6,8,4,2,3,7,14,16,9,12,10,15,22,17,13,11,18,24,23,19,20,35,30,21,26,25,27,33
774,2018-08-06,1,5,6,8,4,2,3,7,14,16,9,12,10,15,22,17,13,11,18,24,23,19,20,35,30,21,26,25,27,33
775,2018-08-13,1,5,6,8,4,2,3,7,14,16,9,12,10,15,22,17,13,11,18,24,23,19,20,36,30,21,26,25,27,33
776,2018-08-20,1,5,6,8,4,2,3,7,14,16,9,12,10,15,23,17,13,11,18,24,22,19,20,35,30,21,26,25,27,33
777,2018-08-27,1,5,7,8,4,2,3,6,14,16,10,12,9,15,23,17,13,11,18,24,22,19,20,35,30,21,26,25,27,33
778,2018-09-03,1,5,7,8,4,2,3,6,14,16,10,12,9,15,23,17,13,11,18,24,22,19,20,35,30,21,26,25,27,33
779,2018-09-10,1,5,7,8,4,2,3,6,14,16,10,12,9,15,23,17,13,11,18,24,22,19,20,35,30,21,26,25,27,33
780,2018-09-17,1,7,5,8,4,2,3,6,14,16,10,12,9,15,23,17,13,11,18,24,22,19,20,35,30,21,26,25,27,33
781,2018-09-24,1,7,5,8,4,2,3,6,14,16,10,12,9,15,23,17,13,11,18,24,22,19,20,35,30,21,26,25,27,33
782,2018-10-01,1,7,5,8,4,2,3,6,14,16,10,12,9,15,23,17,13,11,18,24,22,19,20,33,30,21,26,25,27,32
783,2018-10-08,1,7,5,8,4,2,3,6,14,16,10,12,9,15,23,17,13,11,18,24,22,19,20,33,30,21,26,25,27,32
784,2018-10-15,1,7,5,8,4,2,3,6,14,16,10,12,9,15,23,17,13,11,18,24,22,19,20,33,30,21,26,25,27,32
785,2018-10-22,1,7,5,8,4,2,3,6,14,16,10,12,9,15,23,17,13,11,18,24,22,19,20,33,30,21,26,25,27,32
786,2018-10-29,1,7,5,8,4,2,3,6,14,16,10,12,9,15,23,17,13,11,18,24,22,19,20,33,30,21,26,25,27,32
787,2018-11-05,1,6,5,8,4,2,3,7,14,16,10,12,9,15,23,17,13,11,18,24,22,19,20,31,30,21,26,25,27,33
788,2018-11-12,1,7,5,8,4,2,3,6,13,17,10,12,9,15,21,16,14,11,18,23,22,19,20,31,30,24,27,25,28,33
789,2018-11-19,1,6,5,8,4,2,3,7,14,16,10,12,9,13,21,17,15,11,18,24,23,19,20,33,29,22,27,26,25,31
790,2018-11-26,1,6,5,9,4,2,3,7,15,16,8,14,10,12,20,18,13,11,17,27,22,19,21,33,29,24,28,25,23,31
791,2018-12-03,1,6,5,9,4,2,3,7,15,16,8,14,10,12,20,18,13,11,17,27,22,19,21,33,29,24,28,25,23,31
792,2018-12-10,1,6,5,9,4,2,3,7,15,16,8,14,10,12,20,18,13,11,17,27,22,19,21,33,29,24,28,25,23,31
793,2018-12-17,1,6,5,9,4,2,3,7,15,16,8,14,10,12,20,18,13,11,17,27,22,19,21,33,29,24,28,25,23,31
794,2018-12-24,1,6,5,9,4,2,3,7,15,16,8,14,10,12,20,18,13,11,17,27,22,19,21,33,29,24,28,25,23,31
795,2018-12-31,1,6,5,9,4,2,3,7,15,16,8,14,10,12,20,18,13,11,17,27,22,19,21,33,29,24,28,25,23,31
796,2019-01-07,1,6,5,9,4,2,3,7,15,16,8,14,10,12,20,18,13,11,17,27,22,19,21,33,29,24,28,25,23,31
797,2019-01-14,1,6,5,9,4,2,3,7,15,16,8,14,10,12,20,18,13,11,17,27,22,19,21,33,29,24,28,25,23,31
798,2019-01-21,1,6,5,9,4,2,3,7,15,16,8,14,10,12,20,18,13,11,17,27,22,19,21,33,29,24,28,25,23,31
799,2019-01-28,1,6,5,9,4,2,3,7,15,16,8,14,10,12,20,18,13,11,17,27,22,19,21,33,29,24,28,25,23,31
800,2019-02-04,1,6,5,10,3,2,4,7,15,16,8,14,9,12,20,18,13,11,17,27,22,19,21,33,29,24,28,25,23,31
801,2019-02-11,1,6,5,10,3,2,4,7,15,16,8,14,9,13,21,18,12,11,17,28,22,19,20,33,29,25,26,23,24,31
802,2019-02-18,1,6,5,10,3,2,4,7,15,16,8,14,9,13,21,18,12,11,17,27,22,19,20,33,29,25,26,23,24,31
803,2019-02-25,1,6,5,8,4,2,3,7,15,16,9,14,10,13,21,18,12,11,17,27,22,19,20,33,29,25,26,23,24,32
804,2019-03-04,1,6,5,8,4,2,3,7,14,17,9,13,10,15,21,20,12,11,16,27,22,18,19,33,29,26,25,23,24,32
805,2019-03-11,1,6,5,8,4,2,3,7,14,17,9,13,10,15,21,18,12,11,16,23,22,20,19,33,29,26,24,25,27,32
806,2019-03-18,1,6,5,8,4,3,2,7,14,17,9,13,10,15,21,18,12,11,16,23,22,20,19,32,29,25,24,27,26,34
807,2019-03-25,1,6,5,8,4,3,2,7,14,17,9,13,10,15,21,18,12,11,16,23,22,20,19,34,29,25,24,27,26,32
808,2019-04-01,1,6,5,8,4,3,2,7,14,17,9,13,10,15,21,18,12,11,16,23,22,20,19,34,29,25,24,27,26,32
809,2019-04-08,1,6,5,8,4,3,2,7,14,17,9,13,10,15,21,18,12,11,16,22,23,20,19,34,29,25,24,27,26,32
810,2019-04-15,1,6,5,8,4,3,2,7,14,17,9,13,10,15,21,18,12,11,16,22,23,20,19,33,29,25,24,27,26,31
811,2019-04-22,1,6,5,8,4,3,2,7,14,17,9,13,10,15,21,18,12,11,16,22,23,20,19,33,29,25,24,27,26,31
812,2019-04-29,1,6,5,8,4,3,2,7,14,17,9,13,10,15,21,18,12,11,16,22,23,20,19,33,29,25,24,27,26,31
813,2019-05-06,1,6,5,8,4,3,2,7,14,17,9,13,10,15,21,18,12,11,16,22,23,20,19,33,29,25,24,27,26,31
814,2019-05-13,1,6,5,8,4,3,2,7,14,17,9,13,10,15,21,18,12,11,16,22,23,20,19,33,29,25,24,27,26,31
815,2019-05-20,1,6,5,8,4,3,2,7,14,17,9,13,10,15,21,18,12,11,16,22,23,20,19,34,29,25,24,27,26,31
816,2019-05-27,1,6,5,8,4,3,2,7,14,17,9,13,10,15,21,18,12,11,16,22,23,20,19,34,29,25,24,27,26,31
817,2019-06-03,1,6,5,8,4,3,2,7,14,17,9,13,10,15,21,18,12,11,16,22,23,20,19,34,29,25,24,27,26,31
818,2019-06-10,1,6,5,8,4,3,2,7,14,16,9,13,10,15,22,18,12,11,17,23,21,20,19,34,29,24,26,27,25,30
819,2019-06-17,1,6,5,8,4,3,2,7,14,16,9,13,10,15,21,18,12,11,17,22,23,20,19,34,29,24,26,27,25,30
820,2019-06-24,1,6,5,8,4,3,2,7,14,16,9,13,10,15,21,18,12,11,19,22,23,20,17,34,29,24,26,27,25,30
821,2019-07-01,1,6,5,8,4,3,2,7,14,16,9,13,10,15,21,18,12,11,19,22,23,20,17,34,29,24,26,27,25,30
822,2019-07-08,1,6,5,8,4,3,2,7,14,16,9,13,10,15,21,18,12,11,19,22,23,20,17,34,29,24,26,27,25,30
823,2019-07-15,1,6,5,8,4,3,2,7,14,16,9,13,10,15,21,18,12,11,19,22,23,20,17,34,29,24,26,27,25,30
824,2019-07-22,1,6,5,8,4,3,2,7,14,16,9,13,10,15,21,18,12,11,19,22,23,20,17,34,29,24,26,27,25,30
825,2019-07-29,1,6,4,8,5,3,2,7,13,16,9,14,10,15,21,18,12,11,19,22,23,20,17,34,29,24,26,27,25,30
826,2019-08-05,1,6,4,8,5,3,2,7,14,16,9,15,10,13,21,18,12,11,19,22,23,20,17,35,29,24,26,27,25,30
827,2019-08-12,1,6,5,8,4,3,2,7,13,16,10,15,11,14,21,18,12,9,19,22,23,20,17,35,29,24,26,27,25,30
828,2019-08-19,2,6,4,7,5,3,1,8,13,16,10,15,11,14,21,18,12,9,19,22,23,20,17,35,29,24,26,27,25,30
829,2019-08-26,2,6,5,8,3,4,1,7,13,16,10,15,11,14,21,18,12,9,19,22,23,20,17,35,29,24,26,27,25,30
830,2019-09-02,1,6,5,8,3,2,4,7,13,16,9,15,11,14,21,18,12,10,19,22,23,20,17,35,29,24,26,27,25,30
831,2019-09-09,2,6,4,8,3,1,5,7,14,16,9,15,11,13,22,18,12,10,19,21,23,20,17,35,29,24,26,27,25,30
832,2019-09-16,2,6,4,8,3,1,5,7,14,16,9,15,11,13,22,18,12,10,19,21,23,20,17,35,29,24,26,27,25,30
833,2019-09-23,1,6,5,7,3,2,4,8,14,16,10,15,11,13,22,18,12,9,19,21,23,20,17,35,29,24,26,27,25,30
834,2019-09-30,1,6,5,7,3,4,2,9,14,15,12,16,10,13,22,19,11,8,18,21,23,20,17,35,29,24,26,27,25,30
835,2019-10-07,1,6,5,7,3,4,2,9,12,15,11,16,10,13,22,19,14,8,18,21,23,20,17,35,29,24,26,27,25,30
836,2019-10-14,1,6,5,8,3,4,2,9,12,15,11,13,10,17,22,19,14,7,18,21,23,20,16,35,29,24,26,27,25,30
837,2019-10-21,1,6,4,7,2,5,3,9,12,15,11,13,10,17,22,19,14,8,18,21,23,20,16,35,29,24,26,27,25,30
838,2019-10-28,3,6,2,7,1,5,4,9,12,15,11,13,10,17,22,19,14,8,18,21,23,20,16,35,29,24,26,27,25,30
839,2019-11-04,2,6,1,7,3,5,4,9,12,15,11,13,10,17,22,19,14,8,18,21,23,20,16,37,29,24,26,27,25,30
840,2019-11-11,2,6,1,7,3,5,4,9,12,15,11,13,10,17,21,19,14,8,18,23,22,20,16,37,29,24,25,27,26,30
841,2019-11-18,2,6,1,7,3,5,4,9,12,15,11,13,10,17,22,19,14,8,18,24,23,20,16,37,30,21,25,28,26,29
842,2019-11-25,2,6,1,7,3,5,4,9,12,15,11,13,10,17,22,19,14,8,18,24,23,20,16,34,29,21,26,27,25,31
843,2019-12-02,2,6,1,7,3,5,4,9,12,15,11,13,10,17,22,19,14,8,18,24,23,20,16,34,29,21,26,27,25,31
844,2019-12-09,2,6,1,7,3,5,4,9,12,15,11,13,10,17,22,19,14,8,18,24,23,20,16,34,29,21,26,27,25,31
845,2019-12-16,2,6,1,7,3,5,4,9,12,15,11,13,10,17,22,19,14,8,18,24,23,20,16,34,29,21,26,27,25,31
846,2019-12-23,2,6,1,7,3,5,4,9,12,15,11,13,10,17,22,19,14,8,18,24,23,20,16,34,29,21,26,27,25,31
847,2019-12-30,2,6,1,7,3,5,4,9,12,15,11,13,10,17,22,19,14,8,18,24,23,20,16,34,29,21,26,27,25,31
848,2020-01-06,2,6,1,7,3,5,4,9,12,15,11,13,10,17,22,19,14,8,18,24,23,20,16,34,29,21,26,27,25,31
849,2020-01-13,2,6,1,7,3,5,4,9,12,15,11,13,10,17,22,19,14,8,18,24,23,20,16,34,29,21,26,27,25,31
850,2020-01-20,2,6,1,7,3,5,4,9,12,15,11,13,10,17,22,19,14,8,18,24,23,20,16,34,29,21,26,27,25,31
851,2020-01-27,2,6,1,7,3,5,4,9,12,15,11,13,10,17,22,19,14,8,18,24,23,20,16,34,29,21,26,27,25,31
852,2020-02-03,2,7,1,6,3,5,4,9,12,15,11,14,10,17,23,19,13,8,18,22,24,20,16,34,29,21,26,27,25,31
853,2020-02-10,2,7,1,6,3,4,5,9,13,15,11,14,10,17,22,19,12,8,18,20,23,25,16,34,29,21,26,27,24,31
854,2020-02-17,2,7,1,6,3,4,5,9,13,15,11,14,10,17,22,19,12,8,18,20,23,25,16,34,29,21,26,27,24,31
855,2020-02-24,2,7,1,5,3,4,6,8,14,15,11,13,10,16,22,19,12,9,17,20,23,24,18,34,29,21,26,27,25,31
856,2020-03-02,2,7,1,5,3,4,6,8,14,15,11,13,10,16,22,19,12,9,17,20,23,24,18,34,29,21,26,27,25,28
857,2020-03-09,2,7,1,5,3,4,6,8,14,15,11,13,10,16,23,19,12,9,17,21,24,20,18,34,29,22,26,27,25,28
858,2020-03-16,2,7,1,5,3,4,6,8,14,15,11,13,10,16,23,19,12,9,17,21,24,20,18,34,29,22,26,27,25,28
859,2020-03-23,2,7,1,5,3,4,6,8,14,15,11,13,10,16,23,19,12,9,17,21,24,20,18,34,29,22,26,27,25,28
860,2020-03-30,2,7,1,5,3,4,6,8,14,15,11,13,10,16,23,19,12,9,17,21,24,20,18,34,29,22,26,27,25,28
861,2020-04-06,2,7,1,5,3,4,6,8,14,15,11,13,10,16,23,19,12,9,17,21,24,20,18,34,29,22,26,27,25,28
862,2020-04-13,2,7,1,5,3,4,6,8,14,15,11,13,10,16,23,19,12,9,17,21,24,20,18,34,29,22,26,27,25,28
863,2020-04-20,2,7,1,5,3,4,6,8,14,15,11,13,10,16,23,19,12,9,17,21,24,20,18,34,29,22,26,27,25,28
864,2020-04-27,2,7,1,5,3,4,6,8,14,15,11,13,10,16,23,19,12,9,17,21,24,20,18,34,29,22,26,27,25,28
865,2020-05-04,2,7,1,5,3,4,6,8,14,15,11,13,10,16,23,19,12,9,17,21,24,20,18,34,29,22,26,27,25,28
866,2020-05-11,2,7,1,5,3,4,6,8,14,15,11,13,10,16,23,19,12,9,17,21,24,20,18,34,29,22,26,27,25,28
867,2020-05-18,2,7,1,5,3,4,6,8,14,15,11,13,10,16,23,19,12,9,17,21,24,20,18,34,29,22,26,27,25,28
868,2020-05-25,2,7,1,5,3,4,6,8,14,15,11,13,10,16,23,19,12,9,17,21,24,20,18,34,29,22,26,27,25,28
869,2020-06-01,2,7,1,5,3,4,6,8,14,15,11,13,10,16,23,19,12,9,17,21,24,20,18,34,29,22,26,27,25,28
870,2020-06-08,2,7,1,5,3,4,6,8,14,15,11,13,10,16,23,19,12,9,17,21,24,20,18,34,29,22,26,27,25,28
871,2020-06-15,2,7,1,5,3,4,6,8,14,15,11,13,10,16,23,19,12,9,17,21,24,20,18,34,29,22,26,27,25,28
872,2020-06-22,2,7,1,5,3,4,6,8,14,15,11,13,10,16,23,19,12,9,17,21,24,20,18,34,29,22,26,27,25,28
873,2020-06-29,2,7,1,5,3,4,6,8,14,15,11,13,10,16,23,19,12,9,17,21,24,20,18,34,29,22,26,27,25,28
874,2020-07-06,2,7,1,5,3,4,6,8,14,15,11,13,10,16,23,19,12,9,17,21,24,20,18,34,29,22,26,27,25,28
875,2020-07-13,2,7,1,5,3,4,6,8,14,15,11,13,10,16,23,19,12,9,17,21,24,20,18,34,29,22,26,27,25,28
876,2020-07-20,2,7,1,5,3,4,6,8,14,15,11,13,10,16,23,19,12,9,17,21,24,20,18,34,29,22,26,27,25,28
877,2020-07-27,2,7,1,5,3,4,6,8,14,15,11,13,10,16,23,19,12,9,17,21,24,20,18,34,29,22,26,27,25,28
878,2020-08-03,2,7,1,5,3,4,6,8,14,15,11,13,10,16,23,19,12,9,17,21,24,20,18,34,29,22,26,27,25,28
879,2020-08-10,2,7,1,5,3,4,6,8,14,15,11,13,10,16,23,19,12,9,17,21,24,20,18,34,29,22,26,27,25,28
880,2020-08-17,2,7,1,5,3,4,6,8,14,15,11,13,10,16,23,19,12,9,17,21,24,20,18,34,29,22,26,27,25,28
881,2020-08-24,2,7,1,5,3,4,6,8,14,15,11,13,10,16,23,19,12,9,17,21,24,20,18,34,29,22,26,27,25,28
882,2020-08-31,2,7,1,5,3,4,6,8,14,15,11,13,10,16,23,19,12,9,17,21,24,20,18,34,29,22,26,27,25,28
883,2020-09-07,2,7,1,5,3,4,6,8,14,15,11,13,10,16,23,19,12,9,17,21,24,20,18,34,29,22,26,27,25,28
884,2020-09-14,2,7,1,5,3,4,6,8,14,15,11,13,10,16,23,19,12,9,17,21,24,20,18,34,29,22,26,27,25,28
885,2020-09-21,2,7,1,5,3,4,6,8,14,15,11,13,10,16,23,19,12,9,17,21,24,20,18,34,29,22,26,27,25,28
886,2020-09-28,2,7,1,5,3,4,6,8,14,15,11,13,10,16,23,19,12,9,17,21,24,20,18,34,29,22,26,27,25,28
887,2020-10-05,2,7,1,5,3,4,6,8,14,15,11,13,10,16,23,19,12,9,17,21,24,20,18,34,29,22,26,27,25,28
888,2020-10-12,2,5,1,6,3,4,7,8,14,15,11,13,10,16,23,19,12,9,17,21,24,20,18,34,29,22,26,27,25,28
889,2020-10-19,2,5,1,6,3,4,7,8,14,15,11,13,10,16,23,19,12,9,17,21,24,20,18,34,29,22,26,27,25,28
890,2020-10-26,2,6,1,5,3,4,7,8,14,15,11,13,10,16,23,19,12,9,17,21,24,20,18,34,29,22,26,27,25,28
891,2020-11-02,2,6,1,4,3,5,8,7,14,15,11,13,10,17,23,19,12,9,18,21,24,20,16,34,29,22,26,27,25,28
892,2020-11-09,2,6,1,4,3,5,8,7,14,15,11,13,10,16,23,19,12,9,18,21,24,20,17,34,29,22,26,27,25,28
893,2020-11-16,3,6,1,4,2,5,9,7,14,15,11,13,8,16,23,19,12,10,18,21,24,20,17,34,29,22,26,27,25,28
894,2020-11-23,3,6,1,4,2,5,9,7,14,15,11,13,8,16,23,19,12,10,18,21,24,20,17,34,29,22,26,27,25,28
895,2020-11-30,3,6,1,4,2,5,9,7,14,15,11,13,8,16,23,19,12,10,18,20,24,21,17,34,29,22,26,27,25,28
896,2020-12-07,3,6,1,4,2,5,9,7,14,15,11,13,8,16,23,19,12,10,18,20,24,21,17,34,29,22,26,27,25,28
897,2020-12-14,3,6,1,4,2,5,9,7,14,15,11,13,8,16,23,19,12,10,18,20,24,21,17,34,29,22,26,27,25,28
898,2020-12-21,3,6,1,4,2,5,9,7,14,15,11,13,8,16,23,19,12,10,18,20,24,21,17,34,29,22,26,27,25,28
899,2020-12-28,3,6,1,4,2,5,9,7,14,15,11,13,8,16,23,19,12,10,18,20,24,21,17,34,29,22,26,27,25,28
900,2021-01-04,3,6,1,4,2,5,9,7,14,15,11,13,8,16,23,19,12,10,18,20,24,21,17,34,29,22,26,27,25,28
901,2021-01-11,3,6,1,4,2,5,9,7,14,15,11,13,8,16,23,19,12,10,18,20,24,21,17,34,29,22,26,27,25,28
902,2021-01-18,3,6,1,4,2,5,9,7,14,15,11,13,8,16,23,19,12,10,18,20,24,21,17,34,29,22,26,27,25,28
903,2021-01-25,3,6,1,4,2,5,9,7,14,15,11,13,8,16,23,19,12,10,18,20,24,21,17,34,29,22,26,27,25,28
904,2021-02-01,3,6,1,4,2,5,9,7,14,15,11,13,8,16,23,19,12,10,18,20,24,21,17,34,29,22,26,27,25,28
905,2021-02-08,2,6,1,4,3,5,8,7,14,15,11,13,9,16,23,19,12,10,18,20,24,21,17,34,29,22,26,27,25,28
906,2021-02-15,2,5,1,4,3,6,7,8,14,15,11,13,9,16,23,19,12,10,18,20,24,21,17,34,29,22,26,27,25,28
907,2021-02-22,2,5,1,4,3,6,7,8,14,15,11,13,9,16,23,19,12,10,18,20,24,21,17,34,29,22,26,27,25,28
908,2021-03-01,2,6,1,3,4,7,5,8,15,14,11,13,9,16,23,19,12,10,18,20,24,21,17,34,29,22,26,27,25,28
909,2021-03-08,2,6,1,3,4,7,5,8,15,14,11,13,9,16,23,19,12,10,18,21,24,20,17,34,29,22,26,27,25,28
910,2021-03-15,2,7,1,4,3,6,5,9,15,14,11,13,8,16,22,19,12,10,17,24,23,20,18,34,29,21,26,27,25,28
911,2021-03-22,2,7,1,3,4,5,6,9,15,14,11,13,8,16,22,18,12,10,17,24,23,20,19,34,29,21,26,27,25,28
912,2021-03-29,2,7,1,5,3,4,6,8,15,14,11,13,9,16,23,18,12,10,17,21,24,20,19,34,29,22,26,27,25,28
913,2021-04-05,2,7,1,5,3,4,6,8,15,14,11,13,9,16,23,18,12,10,17,21,24,20,19,34,29,22,26,27,25,28
914,2021-04-12,2,7,1,5,3,4,6,8,15,14,11,13,9,16,23,18,12,10,17,21,24,20,19,34,29,22,26,27,25,28
915,2021-04-19,2,7,1,5,3,4,6,8,15,14,11,13,9,16,23,18,12,10,17,21,24,20,19,34,29,22,26,27,25,28
916,2021-04-26,2,7,1,5,3,4,6,8,15,14,11,13,9,16,23,18,12,10,17,21,24,20,19,34,29,22,26,27,25,28
917,2021-05-03,2,7,1,5,3,4,6,8,15,14,11,13,9,16,23,18,12,10,17,21,24,20,19,34,29,22,26,27,25,28
918,2021-05-10,2,7,1,5,3,4,6,8,15,14,11,13,9,16,23,18,12,10,17,21,24,20,19,34,29,22,26,27,25,28
919,2021-05-17,2,7,1,5,3,4,6,8,15,14,11,13,9,16,23,18,12,10,17,21,24,20,19,34,29,22,26,27,25,28
920,2021-05-24,2,7,1,5,3,4,6,8,15,14,11,13,9,16,23,18,12,10,17,21,24,20,19,34,29,22,26,27,25,28
921,2021-05-31,2,7,1,5,3,4,6,8,15,14,11,13,9,16,23,18,12,10,17,21,25,20,19,34,29,22,26,27,24,28
922,2021-06-07,2,7,1,5,3,4,6,8,15,14,11,13,9,16,23,18,12,10,17,21,25,20,19,34,29,22,26,27,24,28
923,2021-06-14,2,7,1,5,3,4,6,8,15,14,11,13,9,16,23,18,12,10,17,21,25,20,19,34,29,22,26,27,24,28
924,2021-06-21,2,7,1,5,3,4,6,8,15,14,11,13,9,16,23,18,12,10,17,21,25,20,19,34,29,22,26,27,24,28
925,2021-06-28,2,7,1,5,3,4,6,8,15,14,11,13,9,16,23,18,12,10,17,21,25,20,19,34,29,22,26,27,24,28
926,2021-07-05,2,7,1,5,3,4,6,8,15,14,11,13,9,16,23,18,12,10,17,21,25,20,19,33,29,22,26,27,24,28
927,2021-07-12,2,5,1,6,3,4,7,8,14,13,11,15,9,16,23,18,12,10,17,20,25,21,19,33,28,22,26,27,24,29
928,2021-07-19,2,6,1,5,3,4,9,8,14,13,11,15,7,16,22,18,12,10,17,19,25,23,20,33,28,21,26,27,24,29
929,2021-07-26,2,6,1,5,3,4,9,8,14,13,11,15,7,16,22,18,12,10,17,19,25,23,20,33,28,21,26,27,24,29
930,2021-08-02,2,6,1,5,3,4,9,8,14,13,11,15,7,16,22,18,12,10,17,19,25,23,20,33,28,21,26,27,24,29
931,2021-08-09,2,6,1,5,3,4,9,8,14,13,11,15,7,16,22,18,12,10,17,19,25,23,20,33,28,21,26,27,24,29
932,2021-08-16,2,7,1,5,3,4,9,8,14,13,11,15,6,16,22,18,12,10,17,19,25,23,20,33,28,21,26,27,24,29
933,2021-08-23,2,6,1,5,3,4,9,8,14,13,11,15,7,16,22,18,12,10,17,19,25,23,20,33,28,21,26,27,24,29
934,2021-08-30,2,6,1,5,3,4,9,8,14,13,11,15,7,16,22,18,12,10,17,19,25,23,20,33,28,21,26,27,24,29
935,2021-09-06,2,7,1,5,3,4,9,8,14,13,11,15,6,17,21,18,12,10,16,19,25,23,20,33,28,22,26,27,24,29
936,2021-09-13,2,5,1,6,3,4,9,8,14,13,11,15,7,16,21,18,12,10,17,19,25,23,20,33,28,22,26,27,24,29
937,2021-09-20,1,3,2,6,4,5,9,8,14,13,11,15,7,16,21,18,12,10,17,19,25,23,20,33,28,22,26,27,24,29
938,2021-09-27,1,3,2,6,4,5,9,7,14,13,11,15,8,16,21,18,12,10,17,19,25,23,20,33,28,22,26,27,24,29
939,2021-10-04,2,3,1,6,4,5,9,7,14,13,11,15,8,16,21,18,12,10,17,19,25,23,20,33,28,22,26,27,24,29
940,2021-10-11,2,3,1,6,4,5,9,7,14,13,11,15,8,17,23,18,12,10,16,19,25,22,20,32,26,21,27,28,24,29
941,2021-10-18,2,3,1,6,4,5,9,7,14,13,11,15,8,17,23,18,12,10,16,19,25,22,20,32,26,21,27,28,24,29
942,2021-10-25,2,3,1,6,4,5,9,7,14,13,11,15,8,17,23,18,12,10,16,19,25,22,20,32,26,21,27,28,24,29
943,2021-11-01,1,3,2,6,4,5,9,7,14,13,11,15,8,17,23,18,12,10,16,19,25,22,20,32,26,21,27,28,24,29
944,2021-11-08,1,3,2,6,4,5,9,7,14,13,11,15,8,18,23,16,12,10,17,19,24,21,20,32,26,22,27,28,25,29
945,2021-11-15,2,5,1,6,3,4,9,7,14,13,11,15,8,18,22,16,12,10,17,19,24,21,20,29,26,23,28,27,25,33
946,2021-11-22,2,6,1,5,3,4,8,7,14,13,11,16,9,17,21,15,12,10,18,19,24,23,20,28,25,22,29,27,26,35
947,2021-11-29,2,6,1,5,3,4,8,7,14,13,11,16,9,17,21,15,12,10,18,19,24,25,20,28,23,22,29,27,26,35
948,2021-12-06,2,6,1,5,3,4,8,7,14,13,11,16,9,17,21,15,12,10,18,19,24,25,20,28,23,22,29,27,26,35
949,2021-12-13,2,6,1,5,3,4,8,7,14,13,11,16,9,17,21,15,12,10,18,19,24,25,20,28,23,22,29,27,26,35
950,2021-12-20,2,6,1,5,3,4,8,7,14,13,11,16,9,17,21,15,12,10,18,20,24,25,19,28,23,22,29,27,26,35
951,2021-12-27,2,6,1,5,3,4,8,7,14,13,11,16,9,17,21,15,12,10,18,20,24,25,19,28,23,22,29,27,26,35
952,2022-01-03,2,6,1,5,3,4,8,7,14,13,11,16,9,17,21,15,12,10,18,20,24,25,19,28,23,22,29,27,26,35
953,2022-01-10,2,6,1,5,3,4,8,7,14,13,11,16,9,17,21,15,12,10,18,20,24,25,19,28,23,22,29,27,26,35
954,2022-01-17,2,6,1,5,3,4,8,7,14,13,11,16,9,17,21,15,12,10,18,20,24,25,19,28,23,22,29,27,26,35
955,2022-01-24,2,6,1,5,3,4,8,7,14,13,11,16,9,17,21,15,12,10,18,20,24,25,19,28,23,22,29,27,26,35
956,2022-01-31,2,6,1,5,3,4,8,7,14,13,11,16,9,17,21,15,12,10,18,20,24,25,19,28,23,22,29,27,26,35
957,2022-02-07,2,7,1,5,4,3,8,6,14,12,11,16,9,18,21,15,13,10,19,17,24,25,20,28,23,22,29,27,26,35
958,2022-02-14,2,6,1,4,3,5,8,7,14,12,11,16,9,18,21,15,13,10,19,20,24,25,17,28,23,22,29,27,26,35
959,2022-02-21,2,6,1,4,3,5,8,7,14,12,11,16,9,18,21,15,13,10,19,20,24,25,17,28,23,22,29,27,26,35
960,2022-02-28,2,6,1,3,4,5,7,8,14,12,11,16,9,18,21,17,13,10,19,20,24,25,15,28,23,22,29,27,26,35
961,2022-03-07,2,6,1,3,4,5,7,8,14,12,11,16,9,18,21,17,13,10,19,20,24,25,15,28,23,22,29,27,26,35
962,2022-03-14,2,6,1,3,5,4,8,7,14,12,11,16,9,17,21,18,13,10,19,20,24,25,15,28,23,22,29,27,26,31
963,2022-03-21,3,6,1,2,5,4,9,7,14,13,11,16,8,18,21,17,12,10,19,20,24,25,15,30,23,22,28,27,26,32
964,2022-03-28,3,6,1,2,5,4,9,7,14,13,11,16,8,18,21,17,12,10,19,20,24,25,15,30,23,22,28,27,26,32
965,2022-04-04,3,6,1,2,5,4,9,7,14,13,11,16,8,18,21,17,12,10,19,20,24,25,15,30,23,22,28,27,26,32
966,2022-04-11,3,6,1,2,5,4,9,7,14,13,11,16,8,18,21,17,12,10,19,20,24,25,15,30,23,22,28,27,26,32
967,2022-04-18,3,6,1,2,5,4,9,7,14,13,11,16,8,18,21,17,12,10,19,20,24,25,15,30,23,22,28,27,26,32
968,2022-04-25,3,6,1,2,5,4,9,7,14,13,11,16,8,18,21,17,12,10,19,20,24,25,15,30,23,22,28,27,26,32
969,2022-05-02,3,6,1,2,5,4,9,7,14,13,11,16,8,18,21,17,12,10,19,20,24,25,15,30,23,22,28,27,26,32
970,2022-05-09,3,6,1,2,5,4,9,7,14,13,11,16,8,18,21,17,12,10,19,20,24,25,15,30,23,22,28,27,26,32
971,2022-05-16,3,6,1,2,5,4,9,7,14,13,11,16,8,18,21,17,12,10,19,20,24,25,15,30,23,22,28,27,26,32
972,2022-05-23,3,6,1,2,5,4,9,7,14,13,11,16,8,18,21,17,12,10,19,20,24,25,15,30,23,22,28,27,26,32
973,2022-05-30,3,6,1,2,5,4,9,7,14,13,11,16,8,18,21,17,12,10,19,20,24,25,15,30,23,22,28,27,26,32
974,2022-06-06,3,6,1,2,5,4,9,7,14,13,11,16,8,18,21,17,12,10,19,20,24,25,15,30,23,22,28,27,26,32
975,2022-06-13,3,6,1,2,5,4,9,7,14,13,11,16,8,18,21,17,12,10,19,20,24,25,15,30,23,22,28,27,26,32
976,2022-06-20,3,6,1,2,5,4,9,7,14,13,11,16,8,18,21,17,12,10,19,20,24,25,15,30,23,22,28,27,26,32
977,2022-06-27,3,6,1,2,5,4,9,7,14,13,11,16,8,18,21,17,12,10,19,20,24,25,15,31,23,22,29,26,28,33
978,2022-07-04,2,5,1,3,6,4,9,8,12,14,11,16,7,17,21,19,13,10,18,20,24,25,15,31,23,22,29,26,28,34
979,2022-07-11,4,6,3,1,5,2,8,7,14,13,11,18,9,17,22,16,12,10,20,19,23,25,15,29,24,21,28,26,27,34
980,2022-07-18,4,6,3,2,5,1,8,7,14,11,12,16,9,19,23,17,13,10,18,20,24,25,15,29,22,21,28,26,27,34
981,2022-07-25,4,6,3,2,5,1,8,7,14,11,12,16,9,19,23,17,13,10,18,20,24,25,15,29,21,22,28,26,27,34
982,2022-08-01,4,6,3,2,5,1,8,7,14,11,12,16,9,19,23,17,13,10,18,20,24,25,15,29,21,22,28,26,27,34
983,2022-08-08,5,6,3,2,4,1,8,7,14,11,12,16,9,19,23,17,13,10,18,20,24,25,15,29,21,22,28,26,27,34
984,2022-08-15,4,7,3,2,5,1,8,6,14,11,12,16,9,19,23,17,13,10,18,20,24,25,15,29,21,22,28,26,27,34
985,2022-08-22,4,7,3,2,5,1,8,6,14,11,12,16,9,19,23,17,13,10,18,20,24,25,15,29,21,22,28,26,27,34
986,2022-08-29,5,6,3,2,4,1,9,8,14,11,12,16,7,19,23,17,13,10,18,20,24,25,15,29,21,22,27,26,28,34
987,2022-09-05,4,8,3,2,5,1,9,7,14,11,12,16,6,19,23,17,13,10,18,20,24,25,15,29,21,22,27,26,28,34
988,2022-09-12,4,8,3,2,5,1,9,7,14,11,12,16,6,19,23,17,13,10,18,20,24,25,15,29,21,22,27,26,28,34
989,2022-09-19,4,9,3,2,5,1,7,6,14,11,12,16,8,19,23,17,13,10,18,20,24,25,15,29,21,22,27,26,28,34
990,2022-09-26,4,9,3,2,5,1,7,6,14,11,12,16,8,19,23,17,13,10,18,20,24,25,15,29,21,22,27,26,28,34
991,2022-10-03,4,9,3,2,5,1,7,6,14,11,12,16,8,19,23,17,13,10,18,20,24,25,15,29,21,22,27,26,28,34
992,2022-10-10,4,9,3,2,5,1,7,6,14,11,12,16,8,19,23,17,13,10,18,20,24,25,15,29,21,22,27,26,28,34
993,2022-10-17,4,9,3,2,5,1,7,6,14,11,12,16,8,19,23,17,13,10,18,20,24,25,15,29,21,22,27,26,28,34
994,2022-10-24,4,9,3,2,5,1,7,6,14,11,12,16,8,19,23,17,13,10,18,20,24,25,15,29,21,22,27,26,28,34
995,2022-10-31,4,6,3,2,5,1,7,9,14,11,12,16,8,19,23,17,13,10,18,20,24,25,15,29,21,22,27,26,28,34
996,2022-11-07,3,7,4,2,5,1,9,8,12,14,11,15,6,20,22,17,13,10,19,18,23,25,16,30,21,24,27,26,28,29
997,2022-11-14,3,8,4,2,5,1,7,9,11,12,13,15,6,19,21,20,14,10,16,18,23,25,17,30,22,24,27,26,29,28
998,2022-11-21,3,8,4,2,5,1,9,6,12,11,14,15,7,19,23,20,13,10,17,18,21,25,16,30,22,24,27,26,29,28
999,2022-11-28,3,6,4,2,5,1,9,7,12,11,14,15,8,19,23,20,13,10,17,18,21,25,16,30,22,24,27,26,29,28
1000,2022-12-05,3,6,4,2,5,1,9,7,12,11,14,15,8,19,23,20,13,10,17,18,21,25,16,30,22,24,27,26,29,28
1001,2022-12-12,3,6,4,2,5,1,9,7,12,11,14,15,8,19,23,20,13,10,17,18,21,25,16,30,22,24,27,26,29,28
1002,2022-12-19,3,6,4,2,5,1,9,7,12,11,14,15,8,19,23,20,13,10,17,18,21,25,16,30,22,24,27,26,29,28
1003,2022-12-26,3,6,4,2,5,1,9,7,12,11,14,15,8,19,23,20,13,10,17,18,21,25,16,30,22,24,27,26,29,28
1004,2023-01-02,3,6,4,2,5,1,9,7,12,11,14,15,8,19,23,20,13,10,17,18,21,25,16,30,22,24,27,26,29,28
1005,2023-01-09,3,6,4,2,5,1,9,7,12,11,14,15,8,19,23,20,13,10,17,18,21,25,16,30,22,24,27,26,29,28
1006,2023-01-16,3,6,4,2,5,1,9,7,12,11,14,15,8,19,23,20,13,10,17,18,21,25,16,30,22,24,27,26,29,28
1007,2023-01-23,3,6,4,2,5,1,9,7,12,11,14,15,8,19,23,20,13,10,17,18,21,25,16,30,22,24,27,26,29,28
1008,2023-01-30,3,6,4,2,5,1,9,7,12,11,14,15,8,19,23,20,13,10,17,18,21,25,16,30,22,24,27,26,29,28
1009,2023-02-06,3,7,4,2,6,1,9,5,12,11,14,15,8,19,23,20,13,10,17,18,21,25,16,30,22,24,27,26,29,28
1010,2023-02-13,3,7,4,2,6,1,9,5,12,11,14,15,8,19,23,20,13,10,17,18,21,25,16,30,22,24,27,26,29,28
1011,2023-02-20,3,7,4,2,6,1,9,5,13,11,14,15,8,19,23,20,12,10,18,16,21,25,17,29,22,24,26,27,28,30
1012,2023-02-27,3,7,4,2,6,1,10,5,13,11,14,15,8,19,23,20,12,9,18,16,21,25,17,29,22,24,26,27,28,30
1013,2023-03-06,3,7,4,2,6,1,10,5,13,11,14,15,8,18,23,20,12,9,17,16,21,25,19,33,22,24,26,29,27,28
1014,2023-03-13,3,7,4,2,6,1,9,5,14,11,13,15,8,18,23,20,12,10,17,16,21,25,19,33,22,24,26,29,27,28
1015,2023-03-20,3,7,4,2,6,1,9,5,14,12,13,15,8,18,23,19,11,10,17,16,21,25,20,34,22,24,27,29,26,28
1016,2023-03-27,3,7,4,2,6,1,9,5,14,12,13,15,8,18,23,19,11,10,17,16,21,25,20,34,22,24,27,29,26,28
1017,2023-04-03,3,7,4,2,6,1,9,5,14,12,13,15,8,18,23,19,11,10,17,16,21,25,20,34,22,24,28,29,26,27
1018,2023-04-10,3,7,4,2,6,1,9,5,14,12,13,15,8,18,23,19,11,10,17,16,21,25,20,34,22,24,28,29,26,27
1019,2023-04-17,3,7,4,2,6,1,9,5,14,12,13,15,8,18,23,19,11,10,17,16,21,25,20,34,22,24,28,29,26,27
1020,2023-04-24,3,7,4,2,6,1,9,5,14,12,13,15,8,18,23,19,11,10,17,16,21,25,20,34,22,24,28,29,26,27
1021,2023-05-01,3,7,4,2,6,1,9,5,14,12,13,15,8,18,23,19,11,10,17,16,21,25,20,34,22,24,28,29,26,27
1022,2023-05-08,3,7,4,2,6,1,9,5,14,12,13,15,8,18,23,19,11,10,17,16,21,25,20,34,22,24,28,29,26,27
1023,2023-05-15,3,7,4,2,6,1,9,5,14,12,13,15,8,18,23,19,11,10,17,16,21,25,20,34,22,24,28,29,26,27
1024,2023-05-22,3,7,4,2,6,1,9,5,14,12,13,15,8,18,23,19,11,10,17,16,21,25,20,34,22,24,28,29,26,27
1025,2023-05-29,3,7,4,2,6,1,9,5,14,12,13,15,8,18,23,19,11,10,17,16,21,25,20,34,22,24,28,29,26,27
1026,2023-06-05,3,7,4,2,6,1,9,5,14,12,13,15,8,18,23,19,11,10,17,16,21,25,20,34,22,24,28,29,26,27
1027,2023-06-12,3,7,4,2,6,1,9,5,14,12,13,15,8,18,23,19,11,10,17,16,21,25,20,34,22,24,28,29,26,27
1028,2023-06-19,3,7,4,2,6,1,9,5,14,12,13,15,8,18,23,19,11,10,17,16,21,25,20,34,22,24,28,29,26,27
1029,2023-06-26,3,7,4,2,6,1,9,5,14,12,13,15,8,18,23,19,11,10,17,16,21,25,20,34,22,24,28,29,26,27
1030,2023-07-03,3,7,4,2,6,1,9,5,14,12,13,15,8,18,23,19,11,10,17,16,21,25,20,34,22,24,28,29,26,27
1031,2023-07-10,3,7,4,2,6,1,9,5,14,12,13,15,8,18,23,19,11,10,17,16,21,25,20,34,22,24,28,29,26,27
1032,2023-07-17,3,8,4,2,6,1,9,5,14,12,13,15,7,18,23,19,11,10,17,16,21,25,20,34,22,24,28,29,26,27
1033,2023-07-24,3,8,4,2,6,1,9,5,14,10,13,15,7,18,23,19,11,12,17,16,21,25,20,34,22,24,28,29,26,27
1034,2023-07-31,2,8,4,3,6,1,9,5,14,13,10,15,7,18,23,19,11,12,17,16,21,25,20,34,22,24,28,29,26,27
1035,2023-08-07,2,8,4,3,6,1,9,5,13,12,10,15,7,17,23,19,11,14,18,16,21,25,20,34,22,24,28,29,26,27
1036,2023-08-14,2,8,4,3,6,1,10,5,13,12,9,15,7,18,22,19,11,14,17,16,21,25,20,34,24,23,28,29,26,27
1037,2023-08-21,2,8,3,4,6,1,10,5,13,12,9,15,7,18,22,19,11,14,17,16,21,25,20,34,24,23,28,29,26,27
1038,2023-08-28,4,9,2,3,8,1,10,5,13,12,7,15,6,18,22,19,11,14,17,16,21,25,20,34,24,23,28,29,26,27
